opened,closed,side,entry,sl,tp,result,r,pnl,capital
2023-08-08 21:35:00,2023-08-08 21:50:00,buy,29911.7,29876.73,29964.155000000002,SL,-1.0,-10.01,989.99
2023-08-11 12:50:00,2023-08-11 13:05:00,buy,29415.2,29398.120000000003,29440.82,TP,1.5,14.84,1004.83
2023-08-17 01:10:00,2023-08-17 01:15:00,sell,28598.4,28615.0,28573.500000000004,TP,1.5,15.06,1019.89
2023-08-18 00:10:00,2023-08-18 00:30:00,sell,26784.5,26844.2,26694.949999999997,TP,1.5,15.29,1035.18
2023-08-20 21:10:00,2023-08-20 21:20:00,buy,26163.1,26144.24,26191.389999999992,TP,1.5,15.52,1050.7
2023-08-20 23:00:00,2023-08-21 04:00:00,buy,26177.7,26060.43,26353.605000000003,SL,-1.0,-10.52,1040.18
2023-08-22 14:25:00,2023-08-22 14:35:00,sell,26007.2,26023.370000000003,25982.945,SL,-1.0,-10.41,1029.77
2023-08-23 07:25:00,2023-08-23 07:30:00,buy,26104.9,26090.49,26126.515,SL,-1.0,-10.31,1019.46
2023-08-28 09:05:00,2023-08-28 09:15:00,sell,25948.5,25962.56,25927.409999999996,TP,1.5,15.28,1034.74
2023-08-31 21:30:00,2023-08-31 21:40:00,sell,25929.7,25953.22,25894.42,SL,-1.0,-10.36,1024.38
2023-09-01 15:35:00,2023-09-01 15:45:00,sell,25895.5,25937.68,25832.23,TP,1.5,15.36,1039.74
2023-09-03 14:50:00,2023-09-03 15:25:00,sell,25915.1,25929.41,25893.634999999995,TP,1.5,15.59,1055.33
2023-09-05 09:40:00,2023-09-05 09:45:00,sell,25754.1,25770.739999999998,25729.14,SL,-1.0,-10.56,1044.77
2023-09-10 05:05:00,2023-09-10 05:20:00,sell,25818.8,25834.56,25795.159999999996,SL,-1.0,-10.46,1034.31
2023-09-10 22:50:00,2023-09-10 22:55:00,buy,25869.1,25853.84,25891.989999999998,SL,-1.0,-10.35,1023.96
2023-09-13 12:35:00,2023-09-13 14:30:00,buy,26134.8,26069.85,26232.225,TP,1.5,15.35,1039.31
2023-09-20 18:55:00,2023-09-20 19:05:00,buy,27162.8,27136.67,27201.995000000003,SL,-1.0,-10.4,1028.91
2023-09-20 21:30:00,2023-09-20 21:50:00,sell,27175.4,27221.56,27106.160000000003,TP,1.5,15.42,1044.33
2023-09-21 00:25:00,2023-09-21 00:35:00,buy,27094.2,27073.54,27125.190000000002,TP,1.5,15.65,1059.98
2023-09-25 21:10:00,2023-09-25 21:30:00,buy,26294.6,26274.98,26324.03,SL,-1.0,-10.61,1049.37
2023-09-26 11:35:00,2023-09-26 12:05:00,sell,26252.7,26290.04,26196.690000000002,SL,-1.0,-10.5,1038.87
2023-09-28 11:15:00,2023-09-28 11:45:00,buy,26496.8,26462.32,26548.519999999997,SL,-1.0,-10.4,1028.47
2023-10-03 05:10:00,2023-10-03 05:15:00,sell,27593.1,27607.42,27571.62,SL,-1.0,-10.29,1018.18
2023-10-06 13:40:00,2023-10-06 13:45:00,sell,27501.9,27555.78,27421.080000000005,SL,-1.0,-10.19,1007.99
2023-10-06 22:00:00,2023-10-06 22:05:00,buy,28029.6,28004.6,28067.1,TP,1.5,15.11,1023.1
2023-10-09 20:05:00,2023-10-09 20:50:00,sell,27619.5,27654.49,27567.015,TP,1.5,15.34,1038.44
2023-10-13 18:05:00,2023-10-13 18:35:00,sell,26767.0,26785.96,26738.56,TP,1.5,15.57,1054.01
2023-10-16 08:20:00,2023-10-16 08:50:00,buy,27850.4,27817.550000000003,27899.675,SL,-1.0,-10.55,1043.46
2023-10-16 15:55:00,2023-10-16 16:00:00,buy,28062.3,28046.0,28086.75,TP,1.5,15.64,1059.1
2023-10-16 20:45:00,2023-10-16 20:50:00,buy,28457.2,28427.839999999997,28501.240000000005,SL,-1.0,-10.6,1048.5
2023-10-18 12:30:00,2023-10-18 12:45:00,sell,28371.4,28408.17,28316.245000000006,TP,1.5,15.72,1064.22
2023-10-21 09:00:00,2023-10-21 09:40:00,buy,29651.4,29625.04,29690.940000000002,TP,1.5,15.95,1080.17
2023-10-22 06:20:00,2023-10-22 07:00:00,buy,30107.9,30049.29,30195.815000000002,SL,-1.0,-10.81,1069.36
2023-10-24 11:45:00,2023-10-24 11:55:00,buy,34485.6,34418.93,34585.604999999996,TP,1.5,16.03,1085.39
2023-10-24 13:05:00,2023-10-24 13:10:00,buy,34522.0,34426.909999999996,34664.63500000001,SL,-1.0,-10.86,1074.53
2023-10-25 05:25:00,2023-10-25 05:45:00,buy,34009.4,33960.69,34082.465,SL,-1.0,-10.76,1063.77
2023-10-26 19:55:00,2023-10-26 20:10:00,sell,34040.3,34119.12,33922.07000000001,SL,-1.0,-10.65,1053.12
2023-10-27 02:35:00,2023-10-27 02:50:00,sell,34123.0,34146.17,34088.245,TP,1.5,15.79,1068.91
2023-10-27 12:50:00,2023-10-27 12:55:00,sell,34156.6,34201.76,34088.85999999999,TP,1.5,16.02,1084.93
2023-10-27 21:50:00,2023-10-27 22:15:00,sell,33829.9,33849.38,33800.68000000001,TP,1.5,16.26,1101.19
2023-10-29 04:35:00,2023-10-29 04:45:00,sell,34009.1,34031.689999999995,33975.215000000004,SL,-1.0,-11.02,1090.17
2023-10-29 13:50:00,2023-10-29 14:00:00,buy,34367.7,34342.649999999994,34405.275,TP,1.5,16.34,1106.51
2023-10-31 12:30:00,2023-10-31 12:45:00,buy,34388.8,34336.16,34467.76,SL,-1.0,-11.08,1095.43
2023-10-31 15:00:00,2023-10-31 15:10:00,sell,34303.3,34369.58,34203.880000000005,TP,1.5,16.42,1111.85
2023-11-01 23:00:00,2023-11-01 23:10:00,buy,35272.8,35215.19,35359.215000000004,TP,1.5,16.67,1128.52
2023-11-02 17:50:00,2023-11-02 17:55:00,sell,34734.8,34764.16,34690.76,SL,-1.0,-11.3,1117.22
2023-11-04 13:50:00,2023-11-04 14:15:00,buy,34682.6,34660.47,34715.795,TP,1.5,16.75,1133.97
2023-11-06 11:10:00,2023-11-06 11:45:00,buy,35134.7,35087.200000000004,35205.94999999998,TP,1.5,17.0,1150.97
2023-11-08 13:35:00,2023-11-08 13:40:00,buy,35356.8,35332.27,35393.595000000016,SL,-1.0,-11.52,1139.45
2023-11-13 02:55:00,2023-11-13 03:00:00,buy,37142.6,37116.5,37181.75,SL,-1.0,-11.41,1128.04
2023-11-15 09:55:00,2023-11-15 10:05:00,buy,35783.8,35763.09,35814.86500000001,TP,1.5,16.91,1144.95
2023-11-15 20:35:00,2023-11-15 20:40:00,buy,37370.0,37323.03,37440.455,SL,-1.0,-11.46,1133.49
2023-11-17 13:35:00,2023-11-17 13:40:00,buy,36431.2,36405.59,36469.615,SL,-1.0,-11.35,1122.14
2023-11-17 23:40:00,2023-11-17 23:50:00,buy,36547.3,36524.86,36580.96000000001,SL,-1.0,-11.23,1110.91
2023-11-19 08:50:00,2023-11-19 09:10:00,buy,36624.8,36594.65,36670.02500000001,SL,-1.0,-11.12,1099.79
2023-11-20 05:25:00,2023-11-20 05:35:00,buy,37129.4,37107.86,37161.71000000001,SL,-1.0,-11.01,1088.78
2023-11-21 03:55:00,2023-11-21 04:05:00,buy,37462.8,37443.18,37492.23000000001,SL,-1.0,-10.9,1077.88
2023-11-23 20:45:00,2023-11-23 21:05:00,buy,37295.5,37268.810000000005,37335.53499999999,TP,1.5,16.16,1094.04
2023-11-25 20:35:00,2023-11-25 20:45:00,buy,37810.5,37789.200000000004,37842.45,SL,-1.0,-10.95,1083.09
2023-11-26 16:15:00,2023-11-26 16:20:00,sell,37467.0,37503.19,37412.715,TP,1.5,16.24,1099.33
2023-11-27 14:00:00,2023-11-27 14:10:00,sell,36963.3,37011.43,36891.10500000001,TP,1.5,16.48,1115.81
2023-11-28 20:25:00,2023-11-28 20:30:00,buy,38093.0,38066.42,38132.87,SL,-1.0,-11.17,1104.64
2023-11-30 00:45:00,2023-11-30 01:00:00,sell,37818.4,37846.840000000004,37775.74,TP,1.5,16.56,1121.2
2023-12-01 13:50:00,2023-12-01 14:05:00,buy,38335.7,38296.67,38394.244999999995,SL,-1.0,-11.22,1109.98
2023-12-01 18:50:00,2023-12-01 18:55:00,buy,38785.2,38759.280000000006,38824.07999999999,SL,-1.0,-11.11,1098.87
2023-12-04 14:10:00,2023-12-04 14:15:00,buy,41574.7,41542.869999999995,41622.445,SL,-1.0,-11.0,1087.87
2023-12-04 22:50:00,2023-12-04 23:00:00,buy,41917.6,41843.869999999995,42028.19500000001,SL,-1.0,-10.89,1076.98
2023-12-05 19:50:00,2023-12-05 19:55:00,buy,43718.1,43680.48,43774.52999999999,SL,-1.0,-10.78,1066.2
2023-12-07 06:25:00,2023-12-07 06:30:00,buy,43949.2,43923.13,43988.30499999999,SL,-1.0,-10.67,1055.53
2023-12-07 21:10:00,2023-12-07 21:20:00,sell,43301.3,43345.75,43234.62500000001,SL,-1.0,-10.57,1044.96
2023-12-10 21:30:00,2023-12-10 21:40:00,buy,43850.5,43802.86,43921.96,SL,-1.0,-10.46,1034.5
2023-12-12 13:55:00,2023-12-12 14:00:00,buy,41808.6,41785.59,41843.115000000005,TP,1.5,15.51,1050.01
2023-12-12 22:35:00,2023-12-12 23:05:00,sell,41240.2,41281.81,41177.784999999996,SL,-1.0,-10.51,1039.5
2023-12-14 04:35:00,2023-12-14 04:40:00,buy,42717.2,42693.28,42753.079999999994,TP,1.5,15.58,1055.08
2023-12-14 16:10:00,2023-12-14 17:05:00,sell,42568.4,42694.38,42379.43000000001,SL,-1.0,-10.56,1044.52
2023-12-19 11:30:00,2023-12-19 11:35:00,buy,43066.1,43014.62,43143.31999999999,TP,1.5,15.66,1060.18
2023-12-19 13:50:00,2023-12-19 13:55:00,buy,42935.1,42895.59,42994.365000000005,SL,-1.0,-10.61,1049.57
2023-12-19 21:05:00,2023-12-19 21:10:00,sell,42268.1,42296.31,42225.785,SL,-1.0,-10.51,1039.06
2023-12-21 18:15:00,2023-12-21 18:25:00,sell,43545.2,43613.91,43442.13499999999,SL,-1.0,-10.4,1028.66
2023-12-22 06:45:00,2023-12-22 06:50:00,buy,43960.8,43928.4,44009.40000000001,TP,1.5,15.42,1044.08
2023-12-22 10:45:00,2023-12-22 10:50:00,sell,43746.7,43770.07000000001,43711.64499999998,TP,1.5,15.65,1059.73
2023-12-22 11:25:00,2023-12-22 11:30:00,sell,43751.0,43781.75,43704.875,SL,-1.0,-10.61,1049.12
2023-12-22 16:00:00,2023-12-22 16:30:00,sell,43668.5,43704.39,43614.665,SL,-1.0,-10.5,1038.62
2023-12-23 17:55:00,2023-12-23 18:00:00,buy,43747.2,43723.64,43782.53999999999,SL,-1.0,-10.4,1028.22
2023-12-23 19:20:00,2023-12-23 19:40:00,buy,43745.6,43715.46000000001,43790.80999999998,SL,-1.0,-10.29,1017.93
2023-12-25 01:10:00,2023-12-25 02:00:00,sell,43027.2,43092.36,42929.45999999999,SL,-1.0,-10.19,1007.74
2023-12-25 11:55:00,2023-12-25 12:00:00,sell,43174.0,43199.61,43135.585,TP,1.5,15.11,1022.85
2023-12-26 10:10:00,2023-12-26 10:15:00,sell,42531.9,42562.87,42485.445,TP,1.5,15.33,1038.18
2023-12-26 13:55:00,2023-12-26 14:00:00,sell,42716.6,42751.14,42664.78999999999,TP,1.5,15.56,1053.74
2023-12-26 21:15:00,2023-12-26 21:20:00,sell,42236.9,42259.59,42202.865000000005,SL,-1.0,-10.55,1043.19
2023-12-28 13:30:00,2023-12-28 13:35:00,sell,42862.5,42907.96,42794.31,TP,1.5,15.64,1058.83
2024-01-01 01:25:00,2024-01-01 01:30:00,sell,42488.8,42513.16,42452.26,SL,-1.0,-10.6,1048.23
2024-01-03 19:50:00,2024-01-03 20:15:00,sell,42618.1,42692.46,42506.56,SL,-1.0,-10.49,1037.74
2024-01-04 00:15:00,2024-01-04 00:20:00,sell,42926.8,42987.21,42836.18500000001,TP,1.5,15.56,1053.3
2024-01-04 02:15:00,2024-01-04 02:45:00,sell,42919.4,42962.39,42854.91500000001,SL,-1.0,-10.54,1042.76
2024-01-05 19:05:00,2024-01-05 19:15:00,sell,43583.4,43606.93,43548.105,SL,-1.0,-10.44,1032.32
2024-01-05 21:15:00,2024-01-05 22:00:00,buy,43794.5,43693.67,43945.745,TP,1.5,15.47,1047.79
2024-01-09 20:55:00,2024-01-09 21:00:00,buy,46642.9,46593.48,46717.03,TP,1.5,15.71,1063.5
2024-01-10 13:35:00,2024-01-10 13:45:00,sell,45108.6,45171.119999999995,45014.82000000001,SL,-1.0,-10.65,1052.85
2024-01-10 15:30:00,2024-01-10 15:35:00,sell,45247.5,45342.23,45105.405,SL,-1.0,-10.54,1042.31
2024-01-11 15:25:00,2024-01-11 15:30:00,buy,47796.0,47633.17,48040.245,SL,-1.0,-10.43,1031.88
2024-01-12 00:45:00,2024-01-12 01:05:00,sell,46404.6,46531.25,46214.625,TP,1.5,15.47,1047.35
2024-01-15 02:40:00,2024-01-15 02:50:00,sell,42330.9,42368.630000000005,42274.30499999999,SL,-1.0,-10.48,1036.87
2024-01-16 01:25:00,2024-01-16 01:30:00,sell,42620.6,42651.54,42574.189999999995,TP,1.5,15.54,1052.41
2024-01-16 11:50:00,2024-01-16 11:55:00,buy,42873.7,42846.43,42914.604999999996,SL,-1.0,-10.53,1041.88
2024-01-17 07:35:00,2024-01-17 07:40:00,sell,42804.4,42829.44,42766.84,TP,1.5,15.62,1057.5
2024-01-17 13:05:00,2024-01-17 13:10:00,sell,42714.5,42741.65,42673.774999999994,TP,1.5,15.85,1073.35
2024-01-17 23:30:00,2024-01-17 23:45:00,sell,42710.4,42741.05,42664.425,SL,-1.0,-10.74,1062.61
2024-01-19 09:15:00,2024-01-19 10:15:00,sell,41371.1,41473.98,41216.77999999999,SL,-1.0,-10.64,1051.97
2024-01-19 23:45:00,2024-01-20 00:00:00,buy,41634.1,41609.61,41670.83499999999,SL,-1.0,-10.53,1041.44
2024-01-20 05:10:00,2024-01-20 05:20:00,buy,41584.1,41558.05,41623.17499999999,TP,1.5,15.61,1057.05
2024-01-21 03:50:00,2024-01-21 04:20:00,buy,41687.5,41656.7,41733.700000000004,SL,-1.0,-10.58,1046.47
2024-01-22 11:50:00,2024-01-22 11:55:00,sell,40867.7,40891.9,40831.399999999994,SL,-1.0,-10.48,1035.99
2024-01-24 09:40:00,2024-01-24 09:45:00,buy,39968.9,39948.37,39999.695,SL,-1.0,-10.37,1025.62
2024-01-24 11:15:00,2024-01-24 11:40:00,buy,40192.5,40141.99,40268.265,SL,-1.0,-10.27,1015.35
2024-01-25 02:55:00,2024-01-25 03:00:00,buy,39941.0,39913.56,39982.16,TP,1.5,15.22,1030.57
2024-01-25 04:35:00,2024-01-25 04:45:00,buy,39988.8,39946.29,40052.565,SL,-1.0,-10.32,1020.25
2024-01-27 13:00:00,2024-01-27 13:20:00,buy,41754.2,41726.909999999996,41795.134999999995,TP,1.5,15.29,1035.54
2024-01-28 23:20:00,2024-01-28 23:25:00,sell,41890.0,41915.62,41851.56999999999,SL,-1.0,-10.37,1025.17
2024-01-30 03:15:00,2024-01-30 03:25:00,buy,43554.5,43500.55,43635.424999999996,SL,-1.0,-10.26,1014.91
2024-01-30 21:00:00,2024-01-30 21:05:00,buy,43544.4,43515.72,43587.42,SL,-1.0,-10.16,1004.75
2024-02-01 09:20:00,2024-02-01 09:30:00,sell,42225.0,42256.899999999994,42177.15000000001,TP,1.5,15.06,1019.81
2024-02-01 20:55:00,2024-02-01 21:15:00,buy,43007.8,42886.36,43189.96000000001,TP,1.5,15.29,1035.1
2024-02-02 10:05:00,2024-02-02 10:20:00,buy,42961.4,42935.65,43000.025,TP,1.5,15.52,1050.62
2024-02-04 23:00:00,2024-02-04 23:05:00,sell,42593.0,42620.72,42551.42,SL,-1.0,-10.52,1040.1
2024-02-06 10:45:00,2024-02-06 14:40:00,buy,42816.9,42658.69,43054.215,TP,1.5,15.59,1055.69
2024-02-06 20:50:00,2024-02-06 20:55:00,buy,43104.0,43072.41,43151.384999999995,SL,-1.0,-10.57,1045.12
2024-02-07 23:10:00,2024-02-07 23:20:00,buy,44183.8,44148.18,44237.23000000001,TP,1.5,15.67,1060.79
2024-02-08 11:50:00,2024-02-08 11:55:00,buy,44732.0,44697.71,44783.435,SL,-1.0,-10.62,1050.17
2024-02-08 23:30:00,2024-02-08 23:35:00,buy,45276.0,45253.09,45310.365000000005,TP,1.5,15.74,1065.91
2024-02-10 22:10:00,2024-02-10 22:20:00,buy,47791.9,47697.939999999995,47932.84000000001,SL,-1.0,-10.67,1055.24
2024-02-12 19:35:00,2024-02-12 19:40:00,buy,49742.4,49697.02,49810.47000000001,SL,-1.0,-10.56,1044.68
2024-02-13 02:00:00,2024-02-13 02:05:00,buy,50120.2,50077.17,50184.744999999995,SL,-1.0,-10.46,1034.22
2024-02-13 20:15:00,2024-02-13 20:20:00,sell,49198.0,49226.48,49155.28,TP,1.5,15.5,1049.72
2024-02-14 00:40:00,2024-02-14 01:25:00,buy,49457.3,49374.67,49581.24500000001,SL,-1.0,-10.51,1039.21
2024-02-14 02:10:00,2024-02-14 02:40:00,sell,49463.6,49500.2,49408.7,SL,-1.0,-10.4,1028.81
2024-02-14 14:05:00,2024-02-14 14:15:00,buy,51684.0,51615.45,51786.825000000004,SL,-1.0,-10.3,1018.51
2024-02-16 01:50:00,2024-02-16 02:00:00,buy,51957.7,51917.5,52017.99999999999,SL,-1.0,-10.2,1008.31
2024-02-16 14:30:00,2024-02-16 14:40:00,buy,52196.3,52087.31,52359.78500000001,TP,1.5,15.11,1023.42
2024-02-18 04:05:00,2024-02-18 04:20:00,sell,51545.3,51598.299999999996,51465.80000000002,SL,-1.0,-10.24,1013.18
2024-02-18 16:35:00,2024-02-18 16:50:00,buy,51770.3,51729.94,51830.840000000004,SL,-1.0,-10.14,1003.04
2024-02-20 02:10:00,2024-02-20 02:15:00,sell,51644.1,51674.68,51598.229999999996,SL,-1.0,-10.04,993.0
2024-02-20 14:10:00,2024-02-20 14:35:00,buy,52238.7,51950.84,52670.49,SL,-1.0,-9.94,983.06
2024-02-21 15:05:00,2024-02-21 15:15:00,sell,50990.1,51071.409999999996,50868.135,SL,-1.0,-9.84,973.22
2024-02-21 21:20:00,2024-02-21 21:25:00,sell,51111.8,51247.4,50908.40000000001,SL,-1.0,-9.74,963.48
2024-02-23 19:55:00,2024-02-23 20:20:00,buy,51098.6,51040.74,51185.39,SL,-1.0,-9.64,953.84
2024-02-26 23:30:00,2024-02-26 23:35:00,buy,54520.1,54480.07,54580.145,SL,-1.0,-9.55,944.29
2024-02-28 17:45:00,2024-02-28 18:10:00,buy,61378.8,60501.78,62694.33000000001,SL,-1.0,-9.45,934.84
2024-02-28 20:25:00,2024-02-28 20:30:00,buy,59949.5,59903.26,60018.86,TP,1.5,14.01,948.85
2024-02-29 03:30:00,2024-02-29 04:15:00,buy,61300.0,61120.08,61569.88,TP,1.5,14.22,963.07
2024-03-02 07:05:00,2024-03-02 07:10:00,buy,61939.5,61870.0,62043.75,SL,-1.0,-9.64,953.43
2024-03-02 10:05:00,2024-03-02 10:30:00,sell,61944.1,62011.520000000004,61842.96999999999,SL,-1.0,-9.54,943.89
2024-03-02 15:05:00,2024-03-02 15:10:00,sell,61867.6,61930.32,61773.52,SL,-1.0,-9.45,934.44
2024-03-03 11:40:00,2024-03-03 11:50:00,sell,61774.2,61813.59,61715.115,SL,-1.0,-9.35,925.09
2024-03-03 23:00:00,2024-03-03 23:15:00,buy,62772.1,62675.6,62916.85,TP,1.5,13.87,938.96
2024-03-04 10:20:00,2024-03-04 10:35:00,buy,65050.0,64897.740000000005,65278.38999999999,SL,-1.0,-9.4,929.56
2024-03-04 18:10:00,2024-03-04 18:25:00,buy,66675.3,66242.01999999999,67325.22000000003,SL,-1.0,-9.3,920.26
2024-03-05 23:00:00,2024-03-05 23:05:00,sell,63410.1,63486.619999999995,63295.32000000001,SL,-1.0,-9.21,911.05
2024-03-06 04:05:00,2024-03-06 04:10:00,sell,63428.0,63462.02,63376.97,SL,-1.0,-9.12,901.93
2024-03-06 21:00:00,2024-03-06 21:10:00,buy,66830.4,66682.0,67052.99999999999,SL,-1.0,-9.03,892.9
2024-03-07 03:15:00,2024-03-07 03:20:00,sell,66323.8,66380.79,66238.31500000002,TP,1.5,13.38,906.28
2024-03-07 05:20:00,2024-03-07 05:25:00,sell,66070.6,66129.07999999999,65982.88000000003,TP,1.5,13.59,919.87
2024-03-11 12:15:00,2024-03-11 12:25:00,buy,71598.0,71408.36,71882.45999999999,TP,1.5,13.79,933.66
2024-03-12 17:50:00,2024-03-12 17:55:00,sell,70556.6,70796.23999999999,70197.14000000003,SL,-1.0,-9.35,924.31
2024-03-13 11:40:00,2024-03-13 11:45:00,buy,73219.6,73180.98999999999,73277.51500000003,SL,-1.0,-9.25,915.06
2024-03-14 21:50:00,2024-03-14 21:55:00,sell,70892.2,70985.26000000001,70752.60999999999,SL,-1.0,-9.16,905.9
2024-03-15 05:10:00,2024-03-15 05:20:00,sell,68047.9,68280.64,67698.78999999998,TP,1.5,13.58,919.48
2024-03-15 06:10:00,2024-03-15 06:20:00,sell,67767.5,67903.18,67563.98000000001,SL,-1.0,-9.2,910.28
2024-03-15 11:50:00,2024-03-15 11:55:00,sell,67714.0,67810.85,67568.72499999999,SL,-1.0,-9.11,901.17
2024-03-15 17:30:00,2024-03-15 18:00:00,sell,68157.0,68351.37,67865.445,SL,-1.0,-9.02,892.15
2024-03-16 20:45:00,2024-03-16 20:50:00,sell,67420.8,67559.14,67213.29000000001,TP,1.5,13.37,905.52
2024-03-17 05:15:00,2024-03-17 05:30:00,sell,66430.8,66501.18000000001,66325.23,TP,1.5,13.57,919.09
2024-03-17 21:40:00,2024-03-17 21:50:00,buy,68174.3,68101.03,68284.20500000002,SL,-1.0,-9.2,909.89
2024-03-20 10:55:00,2024-03-20 11:10:00,buy,63035.9,62949.39,63165.66500000001,TP,1.5,13.64,923.53
2024-03-21 09:10:00,2024-03-21 09:35:00,buy,67106.2,67003.88,67259.68,SL,-1.0,-9.24,914.29
2024-03-22 01:05:00,2024-03-22 01:10:00,sell,65739.9,65822.26000000001,65616.35999999997,SL,-1.0,-9.15,905.14
2024-03-23 04:35:00,2024-03-23 05:10:00,sell,63977.8,64119.81,63764.78500000001,TP,1.5,13.57,918.71
2024-03-23 15:35:00,2024-03-23 15:40:00,buy,64890.1,64812.62,65006.31999999999,SL,-1.0,-9.2,909.51
2024-03-24 01:45:00,2024-03-24 01:50:00,sell,64492.1,64535.5,64427.0,SL,-1.0,-9.1,900.41
2024-03-25 11:20:00,2024-03-25 11:25:00,buy,66804.8,66764.93,66864.60500000001,TP,1.5,13.5,913.91
2024-03-26 14:55:00,2024-03-26 15:00:00,sell,70316.3,70374.06000000001,70229.65999999999,TP,1.5,13.7,927.61
2024-03-27 04:15:00,2024-03-27 04:25:00,buy,70265.5,70228.83,70320.505,TP,1.5,13.9,941.51
2024-03-27 12:20:00,2024-03-27 12:25:00,buy,70149.2,70091.67,70235.495,TP,1.5,14.11,955.62
2024-03-28 09:30:00,2024-03-28 09:35:00,buy,70688.3,70629.5,70776.5,SL,-1.0,-9.57,946.05
2024-03-29 09:10:00,2024-03-29 09:15:00,sell,69949.1,69986.06,69893.66000000002,SL,-1.0,-9.47,936.58
2024-03-29 17:30:00,2024-03-29 17:45:00,sell,69339.2,69463.64,69152.54,SL,-1.0,-9.38,927.2
2024-03-29 22:10:00,2024-03-29 22:15:00,sell,69533.5,69596.83,69438.505,SL,-1.0,-9.28,917.92
2024-04-02 18:30:00,2024-04-02 18:40:00,sell,65573.0,65644.36,65465.96,SL,-1.0,-9.19,908.73
2024-04-03 16:40:00,2024-04-03 16:45:00,sell,66322.7,66391.7,66219.2,TP,1.5,13.62,922.35
2024-04-03 17:35:00,2024-04-03 17:45:00,buy,65902.9,65816.89000000001,66031.91499999996,TP,1.5,13.83,936.18
2024-04-07 20:15:00,2024-04-07 20:25:00,sell,69258.9,69359.28,69108.32999999999,SL,-1.0,-9.37,926.81
2024-04-09 02:15:00,2024-04-09 02:20:00,sell,71384.2,71464.87999999999,71263.18000000001,SL,-1.0,-9.28,917.53
2024-04-10 10:00:00,2024-04-10 10:10:00,sell,69094.6,69195.4,68943.40000000002,TP,1.5,13.75,931.28
2024-04-11 08:05:00,2024-04-11 08:10:00,buy,70699.3,70614.06000000001,70827.15999999999,TP,1.5,13.96,945.24
2024-04-11 09:10:00,2024-04-11 09:20:00,buy,70910.1,70837.76000000001,71018.61,SL,-1.0,-9.46,935.78
2024-04-13 09:35:00,2024-04-13 09:45:00,sell,67322.7,67405.73,67198.155,SL,-1.0,-9.37,926.41
2024-04-13 21:45:00,2024-04-13 21:50:00,sell,62327.1,62456.89,62132.41499999999,SL,-1.0,-9.27,917.14
2024-04-14 15:10:00,2024-04-14 15:25:00,sell,64006.4,64163.34,63770.990000000005,SL,-1.0,-9.18,907.96
2024-04-15 09:05:00,2024-04-15 09:10:00,buy,66156.0,66097.52,66243.72,TP,1.5,13.61,921.57
2024-04-17 01:15:00,2024-04-17 01:25:00,buy,63746.2,63610.25,63950.12499999999,TP,1.5,13.81,935.38
2024-04-17 02:35:00,2024-04-17 02:45:00,buy,63882.8,63842.68,63942.98000000001,SL,-1.0,-9.36,926.02
2024-04-17 09:20:00,2024-04-17 09:30:00,sell,63506.2,63545.950000000004,63446.57499999998,TP,1.5,13.88,939.9
2024-04-17 17:20:00,2024-04-17 17:25:00,sell,60674.0,60712.84,60615.740000000005,SL,-1.0,-9.41,930.49
2024-04-18 15:35:00,2024-04-18 15:40:00,buy,63663.5,63582.15,63785.524999999994,SL,-1.0,-9.31,921.18
2024-04-19 10:35:00,2024-04-19 10:40:00,buy,64602.8,64468.29,64804.565,SL,-1.0,-9.22,911.96
2024-04-19 12:55:00,2024-04-19 13:05:00,buy,64956.6,64824.96,65154.06,SL,-1.0,-9.13,902.83
2024-04-20 02:10:00,2024-04-20 02:35:00,sell,63681.2,63860.509999999995,63412.235,SL,-1.0,-9.04,893.79
2024-04-20 06:15:00,2024-04-20 06:25:00,buy,64022.4,63983.73,64080.405,TP,1.5,13.4,907.19
2024-04-20 10:50:00,2024-04-20 10:55:00,sell,63622.6,63667.25,63555.625,TP,1.5,13.6,920.79
2024-04-21 03:35:00,2024-04-21 03:40:00,buy,65272.2,65203.42999999999,65375.355,SL,-1.0,-9.22,911.57
2024-04-21 07:15:00,2024-04-21 07:25:00,buy,65035.0,64983.09,65112.865000000005,SL,-1.0,-9.12,902.45
2024-04-21 13:45:00,2024-04-21 13:50:00,buy,64960.3,64891.29,65063.815,SL,-1.0,-9.03,893.42
2024-04-23 00:25:00,2024-04-23 00:30:00,buy,66759.2,66707.77,66836.34499999999,TP,1.5,13.39,906.81
2024-04-23 10:35:00,2024-04-23 10:45:00,sell,66284.2,66320.39,66229.915,TP,1.5,13.59,920.4
2024-04-24 05:45:00,2024-04-24 06:00:00,buy,66712.1,66652.81,66801.03500000002,SL,-1.0,-9.21,911.19
2024-04-24 21:45:00,2024-04-24 21:50:00,sell,64351.0,64385.69,64298.965,TP,1.5,13.66,924.85
2024-04-24 23:55:00,2024-04-25 00:05:00,sell,64290.6,64342.38,64212.93,SL,-1.0,-9.26,915.59
2024-04-25 04:35:00,2024-04-25 05:10:00,sell,64306.5,64400.67,64165.245,TP,1.5,13.72,929.31
2024-04-25 15:30:00,2024-04-25 15:35:00,sell,63646.3,63780.21,63445.43500000001,SL,-1.0,-9.3,920.01
2024-04-28 19:35:00,2024-04-28 20:00:00,buy,63758.9,63707.12,63836.57,SL,-1.0,-9.21,910.8
2024-04-29 07:30:00,2024-04-29 07:35:00,sell,62257.0,62297.4,62196.399999999994,SL,-1.0,-9.12,901.68
2024-04-30 18:05:00,2024-04-30 18:10:00,sell,60394.0,60464.549999999996,60288.175,SL,-1.0,-9.03,892.65
2024-05-01 04:55:00,2024-05-01 05:10:00,sell,60286.2,60339.189999999995,60206.715,TP,1.5,13.38,906.03
2024-05-02 04:30:00,2024-05-02 04:45:00,sell,57577.1,57656.52,57457.97,TP,1.5,13.58,919.61
2024-05-02 09:40:00,2024-05-02 10:35:00,buy,57729.6,57627.06,57883.41,SL,-1.0,-9.21,910.4
2024-05-02 17:40:00,2024-05-02 17:50:00,buy,59048.5,58955.43,59188.104999999996,TP,1.5,13.65,924.05
2024-05-02 19:25:00,2024-05-02 19:30:00,buy,59170.1,59099.13,59276.555,SL,-1.0,-9.25,914.8
2024-05-03 11:55:00,2024-05-03 12:15:00,sell,59298.1,59460.369999999995,59054.69500000001,TP,1.5,13.71,928.51
2024-05-04 08:25:00,2024-05-04 08:40:00,buy,62978.4,62911.759999999995,63078.360000000015,TP,1.5,13.92,942.43
2024-05-04 17:25:00,2024-05-04 19:50:00,buy,63488.4,63289.11,63787.33500000001,TP,1.5,14.13,956.56
2024-05-05 10:35:00,2024-05-05 10:45:00,buy,63658.2,63604.47,63738.79499999999,SL,-1.0,-9.58,946.98
2024-05-06 13:45:00,2024-05-06 13:55:00,sell,63900.1,63977.969999999994,63783.295000000006,TP,1.5,14.2,961.18
2024-05-06 18:40:00,2024-05-06 18:45:00,sell,63337.0,63402.49,63238.765,SL,-1.0,-9.62,951.56
2024-05-08 07:00:00,2024-05-08 07:10:00,sell,62502.8,62612.73,62337.905,TP,1.5,14.26,965.82
2024-05-09 13:45:00,2024-05-09 14:10:00,buy,61119.3,60861.85,61505.475000000006,TP,1.5,14.48,980.3
2024-05-10 08:20:00,2024-05-10 08:25:00,buy,62972.3,62936.770000000004,63025.595,SL,-1.0,-9.81,970.49
2024-05-10 10:10:00,2024-05-10 10:30:00,buy,62941.1,62840.810000000005,63091.53499999999,TP,1.5,14.55,985.04
2024-05-10 12:50:00,2024-05-10 13:00:00,buy,63037.1,62922.88,63208.43,SL,-1.0,-9.86,975.18
2024-05-11 15:40:00,2024-05-11 16:20:00,buy,61119.9,61013.24,61279.89000000001,TP,1.5,14.62,989.8
2024-05-14 05:20:00,2024-05-14 05:25:00,sell,62642.3,62693.45,62565.57500000001,SL,-1.0,-9.91,979.89
2024-05-14 09:10:00,2024-05-14 09:20:00,sell,61936.7,61969.38,61887.67999999999,TP,1.5,14.69,994.58
2024-05-14 11:20:00,2024-05-14 12:00:00,sell,61839.0,61887.81,61765.785,TP,1.5,14.91,1009.49
2024-05-14 13:20:00,2024-05-14 13:25:00,sell,61933.6,61975.23,61871.15499999999,SL,-1.0,-10.1,999.39
2024-05-15 05:35:00,2024-05-15 05:45:00,buy,61917.9,61884.6,61967.850000000006,SL,-1.0,-10.0,989.39
2024-05-16 12:30:00,2024-05-16 12:35:00,buy,66267.5,66031.09,66622.115,SL,-1.0,-9.9,979.49
2024-05-17 04:50:00,2024-05-17 04:55:00,buy,65389.4,65353.37,65443.445,TP,1.5,14.68,994.17
2024-05-17 13:15:00,2024-05-17 13:30:00,buy,66249.8,66172.75,66365.375,SL,-1.0,-9.95,984.22
2024-05-18 01:20:00,2024-05-18 01:35:00,buy,66809.1,66745.79,66904.06500000003,TP,1.5,14.75,998.97
2024-05-18 08:00:00,2024-05-18 08:05:00,buy,66881.2,66823.77,66967.34499999999,TP,1.5,14.97,1013.94
2024-05-19 10:55:00,2024-05-19 11:00:00,buy,67272.1,67139.47,67471.04500000001,SL,-1.0,-10.15,1003.79
2024-05-19 15:20:00,2024-05-19 15:30:00,buy,66874.2,66814.07,66964.39499999999,TP,1.5,15.05,1018.84
2024-05-20 14:20:00,2024-05-20 14:25:00,buy,66894.6,66851.45,66959.32500000001,SL,-1.0,-10.2,1008.64
2024-05-21 01:05:00,2024-05-21 01:10:00,buy,71203.5,71128.11,71316.58499999999,SL,-1.0,-10.1,998.54
2024-05-21 11:00:00,2024-05-21 11:15:00,buy,71032.1,70958.21,71142.935,TP,1.5,14.97,1013.51
2024-05-21 21:55:00,2024-05-21 22:00:00,sell,69730.5,69813.74,69605.63999999998,SL,-1.0,-10.15,1003.36
2024-05-22 05:30:00,2024-05-22 05:40:00,sell,69871.5,69924.7,69791.70000000001,TP,1.5,15.04,1018.4
2024-05-22 21:50:00,2024-05-22 22:00:00,sell,69534.4,69601.09000000001,69434.36499999996,TP,1.5,15.27,1033.67
2024-05-24 08:55:00,2024-05-24 09:05:00,sell,67184.3,67228.51,67117.98500000002,SL,-1.0,-10.35,1023.32
2024-05-24 12:30:00,2024-05-24 12:35:00,sell,67425.3,67477.01,67347.73500000002,SL,-1.0,-10.24,1013.08
2024-05-25 22:00:00,2024-05-25 22:25:00,buy,69119.1,69082.86,69173.46000000002,SL,-1.0,-10.14,1002.94
2024-05-31 01:50:00,2024-05-31 02:05:00,buy,68401.4,68306.58,68543.62999999998,TP,1.5,15.03,1017.97
2024-06-01 00:05:00,2024-06-01 01:00:00,sell,67610.1,67698.98,67476.78000000003,SL,-1.0,-10.19,1007.78
2024-06-04 19:30:00,2024-06-04 19:35:00,buy,70444.1,70402.14,70507.04000000001,SL,-1.0,-10.09,997.69
2024-06-05 02:20:00,2024-06-05 02:30:00,buy,70953.6,70864.91,71086.63500000001,TP,1.5,14.96,1012.65
2024-06-05 05:15:00,2024-06-05 05:20:00,buy,70925.7,70884.9,70986.9,TP,1.5,15.18,1027.83
2024-06-06 18:10:00,2024-06-06 18:20:00,buy,70908.7,70853.72,70991.16999999998,TP,1.5,15.41,1043.24
2024-06-11 10:25:00,2024-06-11 10:30:00,sell,67253.6,67298.54000000001,67186.19,TP,1.5,15.64,1058.88
2024-06-13 04:15:00,2024-06-13 04:35:00,sell,67646.5,67723.76,67530.61000000002,TP,1.5,15.87,1074.75
2024-06-14 02:10:00,2024-06-14 02:40:00,sell,66743.2,66867.91,66556.13499999998,SL,-1.0,-10.76,1063.99
2024-06-18 18:20:00,2024-06-18 18:30:00,sell,64749.1,64795.82,64679.02,TP,1.5,15.95,1079.94
2024-06-19 17:15:00,2024-06-19 17:20:00,sell,65078.3,65124.32000000001,65009.27,SL,-1.0,-10.81,1069.13
2024-06-21 09:50:00,2024-06-21 10:10:00,sell,64171.5,64294.64,63986.79,TP,1.5,16.03,1085.16
2024-06-24 18:40:00,2024-06-24 18:45:00,sell,60286.9,60366.65,60167.275,SL,-1.0,-10.86,1074.3
2024-06-25 15:10:00,2024-06-25 15:15:00,buy,61393.6,61306.869999999995,61523.69500000001,TP,1.5,16.1,1090.4
2024-06-27 00:00:00,2024-06-27 00:05:00,sell,60881.2,60913.079999999994,60833.380000000005,TP,1.5,16.35,1106.75
2024-06-28 09:10:00,2024-06-28 09:30:00,sell,61460.5,61502.240000000005,61397.88999999999,TP,1.5,16.59,1123.34
2024-06-29 11:15:00,2024-06-29 11:30:00,buy,60954.6,60918.590000000004,61008.61499999999,TP,1.5,16.84,1140.18
2024-06-29 22:20:00,2024-06-29 22:45:00,buy,60959.7,60912.53,61030.454999999994,SL,-1.0,-11.41,1128.77
2024-06-30 21:00:00,2024-06-30 21:10:00,buy,61959.2,61907.119999999995,62037.32,SL,-1.0,-11.3,1117.47
2024-07-01 19:20:00,2024-07-01 19:25:00,buy,63474.4,63423.240000000005,63551.14,SL,-1.0,-11.19,1106.28
2024-07-04 06:50:00,2024-07-04 06:55:00,sell,58891.5,58941.94,58815.84,TP,1.5,16.58,1122.86
2024-07-05 19:55:00,2024-07-05 20:15:00,buy,56466.6,56403.07,56561.895,SL,-1.0,-11.24,1111.62
2024-07-06 11:20:00,2024-07-06 11:25:00,buy,56733.7,56685.72,56805.66999999999,SL,-1.0,-11.13,1100.49
2024-07-06 14:20:00,2024-07-06 14:25:00,buy,56787.7,56758.91,56830.88499999999,TP,1.5,16.5,1116.99
2024-07-07 00:15:00,2024-07-07 00:20:00,buy,58082.1,58037.03,58149.705,SL,-1.0,-11.18,1105.81
2024-07-07 15:15:00,2024-07-07 15:25:00,sell,56860.4,56932.979999999996,56751.53000000001,SL,-1.0,-11.07,1094.74
2024-07-08 13:40:00,2024-07-08 13:45:00,buy,56951.8,56920.69,56998.465000000004,SL,-1.0,-10.96,1083.78
2024-07-08 23:40:00,2024-07-09 00:00:00,buy,56683.2,56638.19,56750.71499999999,SL,-1.0,-10.85,1072.93
2024-07-09 15:00:00,2024-07-09 15:05:00,buy,57117.7,56971.87,57336.44499999999,SL,-1.0,-10.74,1062.19
2024-07-11 05:05:00,2024-07-11 05:10:00,sell,57838.4,57887.67,57764.49500000001,SL,-1.0,-10.63,1051.56
2024-07-11 13:20:00,2024-07-11 13:30:00,buy,58668.9,58553.950000000004,58841.325,TP,1.5,15.76,1067.32
2024-07-12 00:30:00,2024-07-12 00:55:00,sell,57475.4,57588.31,57306.035,TP,1.5,16.0,1083.32
2024-07-13 02:10:00,2024-07-13 02:40:00,buy,57820.3,57757.23,57914.905,TP,1.5,16.24,1099.56
2024-07-13 18:40:00,2024-07-13 19:05:00,buy,58604.2,58564.66,58663.50999999999,TP,1.5,16.48,1116.04
2024-07-14 02:15:00,2024-07-14 02:20:00,buy,59515.5,59485.68,59560.229999999996,SL,-1.0,-11.17,1104.87
2024-07-19 06:55:00,2024-07-19 07:00:00,buy,64214.3,64156.82,64300.520000000004,SL,-1.0,-11.06,1093.81
2024-07-21 16:00:00,2024-07-21 16:05:00,buy,67170.2,67128.08,67233.37999999999,SL,-1.0,-10.95,1082.86
2024-07-23 00:15:00,2024-07-23 00:55:00,sell,67674.2,67764.35,67538.97499999998,TP,1.5,16.23,1099.09
2024-07-23 08:00:00,2024-07-23 08:25:00,sell,66639.8,66741.94,66486.59,SL,-1.0,-11.0,1088.09
2024-07-25 20:00:00,2024-07-25 20:05:00,buy,64631.3,64592.88,64688.93000000001,SL,-1.0,-10.89,1077.2
2024-07-26 05:25:00,2024-07-26 05:40:00,buy,66988.7,66935.34999999999,67068.725,SL,-1.0,-10.78,1066.42
2024-07-26 07:45:00,2024-07-26 07:55:00,buy,66977.1,66941.69,67030.21500000001,SL,-1.0,-10.67,1055.75
2024-07-27 16:50:00,2024-07-27 17:00:00,buy,68757.2,68662.87,68898.695,SL,-1.0,-10.57,1045.18
2024-07-29 11:40:00,2024-07-29 11:50:00,buy,69706.3,69616.54,69840.94000000002,SL,-1.0,-10.46,1034.72
2024-07-30 01:10:00,2024-07-30 01:20:00,sell,66753.4,66788.48999999999,66700.765,SL,-1.0,-10.36,1024.36
2024-07-30 02:50:00,2024-07-30 03:00:00,sell,66397.9,66480.16,66274.50999999998,SL,-1.0,-10.25,1014.11
2024-08-03 21:30:00,2024-08-03 21:35:00,sell,60491.9,60562.89,60385.41500000001,SL,-1.0,-10.15,1003.96
2024-08-04 02:00:00,2024-08-04 02:05:00,sell,60747.6,60863.11,60574.33499999999,SL,-1.0,-10.05,993.91
2024-08-04 10:40:00,2024-08-04 10:50:00,sell,60669.9,60725.03,60587.205,SL,-1.0,-9.95,983.96
2024-08-05 04:15:00,2024-08-05 04:20:00,sell,54477.7,54579.850000000006,54324.474999999984,TP,1.5,14.75,998.71
2024-08-05 07:05:00,2024-08-05 07:15:00,sell,51834.1,52093.89,51444.41499999999,SL,-1.0,-10.0,988.71
2024-08-07 20:40:00,2024-08-07 20:45:00,sell,55022.5,55055.86,54972.46,SL,-1.0,-9.9,978.81
2024-08-07 23:05:00,2024-08-07 23:25:00,sell,55345.6,55450.45,55188.325,TP,1.5,14.67,993.48
2024-08-10 00:45:00,2024-08-10 00:50:00,buy,60666.1,60559.270000000004,60826.34499999999,SL,-1.0,-9.94,983.54
2024-08-10 01:45:00,2024-08-10 01:50:00,buy,60589.2,60531.79,60675.31499999999,SL,-1.0,-9.85,973.69
2024-08-10 10:40:00,2024-08-10 11:00:00,buy,60818.1,60767.079999999994,60894.630000000005,SL,-1.0,-9.75,963.94
2024-08-10 15:15:00,2024-08-10 15:55:00,sell,60677.6,60748.81,60570.785,TP,1.5,14.45,978.39
2024-08-10 22:05:00,2024-08-10 22:10:00,buy,61000.1,60953.22,61070.42,SL,-1.0,-9.79,968.6
2024-08-12 17:10:00,2024-08-12 17:25:00,buy,59730.5,59549.619999999995,60001.82000000001,SL,-1.0,-9.7,958.9
2024-08-12 19:20:00,2024-08-12 19:25:00,sell,59217.7,59263.68,59148.729999999996,SL,-1.0,-9.6,949.3
2024-08-12 20:15:00,2024-08-12 20:25:00,sell,59247.9,59336.29,59115.315,TP,1.5,14.23,963.53
2024-08-14 01:25:00,2024-08-14 01:30:00,buy,60564.9,60527.95,60620.32500000001,TP,1.5,14.44,977.97
2024-08-14 06:45:00,2024-08-14 06:55:00,buy,60764.2,60705.12,60852.81999999999,TP,1.5,14.66,992.63
2024-08-14 22:25:00,2024-08-14 22:30:00,sell,58904.2,58962.7,58816.45,SL,-1.0,-9.94,982.69
2024-08-16 02:15:00,2024-08-16 02:20:00,sell,57414.7,57453.93,57355.854999999996,SL,-1.0,-9.84,972.85
2024-08-16 11:45:00,2024-08-16 11:50:00,buy,58332.2,58292.23,58392.154999999984,SL,-1.0,-9.74,963.11
2024-08-16 13:05:00,2024-08-16 13:15:00,sell,58031.8,58137.17,57873.74500000001,SL,-1.0,-9.64,953.47
2024-08-16 23:55:00,2024-08-17 00:10:00,buy,58874.9,58829.030000000006,58943.704999999994,SL,-1.0,-9.54,943.93
2024-08-17 17:15:00,2024-08-17 17:20:00,buy,59515.6,59470.89,59582.66499999999,SL,-1.0,-9.45,934.48
2024-08-19 00:45:00,2024-08-19 00:50:00,sell,58636.6,58679.99,58571.515,TP,1.5,14.01,948.49
2024-08-20 19:25:00,2024-08-20 19:40:00,sell,59378.2,59436.21,59291.185,SL,-1.0,-9.49,939.0
2024-08-20 22:20:00,2024-08-20 22:30:00,sell,59432.6,59472.579999999994,59372.630000000005,TP,1.5,14.08,953.08
2024-08-22 06:30:00,2024-08-22 06:35:00,buy,60759.9,60729.33,60805.755000000005,SL,-1.0,-9.54,943.54
2024-08-22 13:55:00,2024-08-22 14:00:00,buy,60811.3,60775.020000000004,60865.72,SL,-1.0,-9.44,934.1
2024-08-24 09:25:00,2024-08-24 09:40:00,buy,64309.4,64261.91,64380.634999999995,SL,-1.0,-9.35,924.75
2024-08-26 23:15:00,2024-08-26 23:20:00,sell,63092.0,63156.71000000001,62994.93499999999,SL,-1.0,-9.26,915.49
2024-08-29 03:15:00,2024-08-29 03:30:00,sell,59062.8,59122.009999999995,58973.985000000015,SL,-1.0,-9.16,906.33
2024-08-29 07:25:00,2024-08-29 07:35:00,buy,59551.5,59481.41,59656.634999999995,TP,1.5,13.59,919.92
2024-09-01 14:45:00,2024-09-01 15:45:00,sell,57970.5,58133.310000000005,57726.28499999999,SL,-1.0,-9.21,910.71
2024-09-01 17:25:00,2024-09-01 17:35:00,buy,57919.2,57877.69,57981.46499999999,TP,1.5,13.65,924.36
2024-09-02 03:05:00,2024-09-02 03:20:00,sell,57658.5,57724.19,57559.965,SL,-1.0,-9.25,915.11
2024-09-02 23:55:00,2024-09-03 00:05:00,buy,59134.6,59061.09,59244.865000000005,SL,-1.0,-9.16,905.95
2024-09-03 18:50:00,2024-09-03 19:05:00,sell,57988.4,58042.89,57906.66500000001,SL,-1.0,-9.07,896.88
2024-09-03 22:00:00,2024-09-03 22:05:00,sell,58156.7,58187.04,58111.18999999999,TP,1.5,13.44,910.32
2024-09-05 07:15:00,2024-09-05 07:20:00,sell,57164.9,57197.4,57116.15,SL,-1.0,-9.11,901.21
2024-09-05 22:00:00,2024-09-05 22:05:00,sell,56146.5,56232.3,56017.799999999996,TP,1.5,13.51,914.72
2024-09-09 04:45:00,2024-09-09 04:50:00,buy,54926.0,54881.69,54992.465,SL,-1.0,-9.16,905.56
2024-09-10 03:10:00,2024-09-10 03:40:00,buy,56667.5,56603.28,56763.83,SL,-1.0,-9.06,896.5
2024-09-13 02:20:00,2024-09-13 03:30:00,buy,58038.0,57971.86,58137.21,SL,-1.0,-8.97,887.53
2024-09-14 02:05:00,2024-09-14 02:20:00,buy,60457.4,60422.52,60509.72000000001,SL,-1.0,-8.88,878.65
2024-09-14 23:15:00,2024-09-14 23:25:00,buy,60009.4,59972.06,60065.41,SL,-1.0,-8.8,869.85
2024-09-17 13:35:00,2024-09-17 13:40:00,buy,59095.7,59051.21,59162.435,SL,-1.0,-8.71,861.14
2024-09-18 11:05:00,2024-09-18 11:15:00,sell,59855.7,59907.92,59777.369999999995,SL,-1.0,-8.62,852.52
2024-09-18 12:45:00,2024-09-18 12:50:00,sell,59891.9,59922.16,59846.509999999995,SL,-1.0,-8.53,843.99
2024-09-18 19:25:00,2024-09-18 19:30:00,buy,60445.5,60319.54,60634.44,SL,-1.0,-8.45,835.54
2024-09-19 13:50:00,2024-09-19 14:00:00,buy,62867.6,62682.47,63145.295,TP,1.5,12.52,848.06
2024-09-20 15:55:00,2024-09-20 16:10:00,sell,63148.5,63266.82000000001,62971.01999999999,SL,-1.0,-8.49,839.57
2024-09-20 18:55:00,2024-09-20 19:20:00,sell,62863.0,62982.82,62683.270000000004,SL,-1.0,-8.4,831.17
2024-09-23 15:45:00,2024-09-23 15:50:00,sell,63627.6,63712.649999999994,63500.02500000001,SL,-1.0,-8.32,822.85
2024-09-24 16:35:00,2024-09-24 16:40:00,sell,63208.6,63246.74,63151.39,SL,-1.0,-8.24,814.61
2024-09-29 00:45:00,2024-09-29 05:30:00,buy,65763.0,65625.12,65969.82,SL,-1.0,-8.15,806.46
2024-09-30 01:00:00,2024-09-30 01:05:00,sell,65450.2,65497.170000000006,65379.74499999998,SL,-1.0,-8.07,798.39
2024-10-04 07:00:00,2024-10-04 07:20:00,buy,61143.7,61058.27,61271.845,TP,1.5,11.97,810.36
2024-10-05 01:20:00,2024-10-05 01:25:00,buy,62065.2,62027.19,62122.21499999999,SL,-1.0,-8.11,802.25
2024-10-09 01:05:00,2024-10-09 01:15:00,sell,62193.7,62231.24,62137.39,SL,-1.0,-8.03,794.22
2024-10-14 17:05:00,2024-10-14 17:10:00,buy,65730.7,65668.66,65823.75999999998,SL,-1.0,-7.95,786.27
2024-10-15 01:00:00,2024-10-15 01:15:00,buy,65947.5,65895.41,66025.635,SL,-1.0,-7.87,778.4
2024-10-15 19:05:00,2024-10-15 19:50:00,buy,66726.0,66567.91,66963.135,TP,1.5,11.67,790.07
2024-10-17 11:00:00,2024-10-17 11:15:00,sell,67187.9,67300.26,67019.35999999999,TP,1.5,11.84,801.91
2024-10-18 03:25:00,2024-10-18 03:35:00,buy,67924.4,67885.1,67983.34999999998,SL,-1.0,-8.03,793.88
2024-10-20 15:20:00,2024-10-20 15:50:00,buy,68447.7,68343.54000000001,68603.93999999997,TP,1.5,11.9,805.78
2024-10-24 08:00:00,2024-10-24 08:45:00,buy,67151.2,67041.66,67315.50999999998,SL,-1.0,-8.07,797.71
2024-10-25 18:35:00,2024-10-25 18:50:00,sell,67464.8,67598.07999999999,67264.88000000003,TP,1.5,11.96,809.67
2024-10-26 02:25:00,2024-10-26 02:30:00,sell,66735.3,66796.92000000001,66642.87,TP,1.5,12.14,821.81
2024-10-29 12:25:00,2024-10-29 12:45:00,buy,71235.2,71180.89,71316.665,SL,-1.0,-8.23,813.58
2024-10-29 17:55:00,2024-10-29 18:00:00,buy,72711.6,72650.40000000001,72803.4,TP,1.5,12.2,825.78
2024-10-31 00:00:00,2024-10-31 00:15:00,buy,72367.3,72296.98,72472.78000000001,SL,-1.0,-8.27,817.51
2024-10-31 06:00:00,2024-10-31 06:30:00,buy,72293.7,72249.75,72359.625,SL,-1.0,-8.18,809.33
2024-10-31 08:25:00,2024-10-31 09:00:00,buy,72221.5,72144.12999999999,72337.55500000002,TP,1.5,12.13,821.46
2024-10-31 22:55:00,2024-10-31 23:00:00,sell,70479.0,70521.12,70415.82,SL,-1.0,-8.22,813.24
2024-11-01 04:45:00,2024-11-01 05:05:00,sell,69593.0,69634.51000000001,69530.73499999999,SL,-1.0,-8.14,805.1
2024-11-01 22:00:00,2024-11-01 22:10:00,sell,69270.1,69397.05,69079.67500000002,SL,-1.0,-8.06,797.04
2024-11-03 10:45:00,2024-11-03 10:50:00,sell,68520.3,68568.08,68448.63,TP,1.5,11.95,808.99
2024-11-03 19:25:00,2024-11-03 19:30:00,sell,68451.4,68488.60999999999,68395.585,SL,-1.0,-8.1,800.89
2024-11-04 03:45:00,2024-11-04 03:55:00,buy,69123.0,69078.08,69190.38,SL,-1.0,-8.02,792.87
2024-11-04 10:05:00,2024-11-04 10:15:00,sell,68812.1,68882.87,68705.94500000002,SL,-1.0,-7.94,784.93
2024-11-04 18:35:00,2024-11-04 18:40:00,sell,67771.5,67820.07,67698.64499999999,SL,-1.0,-7.86,777.07
2024-11-05 02:00:00,2024-11-05 02:05:00,sell,67974.3,68037.81,67879.035,SL,-1.0,-7.78,769.29
2024-11-05 13:05:00,2024-11-05 13:15:00,buy,68781.0,68697.42,68906.37,SL,-1.0,-7.7,761.59
2024-11-06 21:35:00,2024-11-06 21:40:00,buy,75751.1,75648.44,75905.09000000001,SL,-1.0,-7.62,753.97
2024-11-07 02:00:00,2024-11-07 02:25:00,buy,75362.1,75240.67,75544.24500000002,SL,-1.0,-7.55,746.42
2024-11-08 01:00:00,2024-11-08 01:05:00,buy,76050.5,75987.17,76145.495,TP,1.5,11.19,757.61
2024-11-08 21:35:00,2024-11-08 21:45:00,buy,76509.1,76458.51,76584.98500000002,SL,-1.0,-7.58,750.03
2024-11-10 12:10:00,2024-11-10 12:50:00,buy,79414.1,79261.04,79643.69000000003,TP,1.5,11.24,761.27
2024-11-12 05:55:00,2024-11-12 06:00:00,buy,88387.8,88258.06,88582.41,SL,-1.0,-7.62,753.65
2024-11-12 23:30:00,2024-11-12 23:40:00,buy,87973.1,87824.29,88196.31500000003,SL,-1.0,-7.54,746.11
2024-11-13 10:00:00,2024-11-13 10:05:00,sell,87438.8,87484.40000000001,87370.4,SL,-1.0,-7.47,738.64
2024-11-14 02:40:00,2024-11-14 02:45:00,buy,89745.6,89659.51,89874.73500000002,TP,1.5,11.07,749.71
2024-11-14 03:25:00,2024-11-14 03:35:00,buy,89904.7,89746.48,90142.03,SL,-1.0,-7.5,742.21
2024-11-14 07:30:00,2024-11-14 07:35:00,sell,89716.1,89866.31,89490.78500000002,SL,-1.0,-7.43,734.78
2024-11-14 11:15:00,2024-11-14 11:25:00,buy,90720.4,90422.0,91167.99999999999,TP,1.5,11.01,745.79
2024-11-14 16:45:00,2024-11-14 16:50:00,sell,88771.8,88904.53,88572.70500000002,SL,-1.0,-7.47,738.32
2024-11-14 19:15:00,2024-11-14 19:20:00,sell,89541.6,89646.89,89383.66500000001,TP,1.5,11.07,749.39
2024-11-15 13:25:00,2024-11-15 13:30:00,buy,89598.4,89489.47,89761.79499999998,TP,1.5,11.23,760.62
2024-11-15 22:25:00,2024-11-15 22:30:00,buy,91204.2,91134.45999999999,91308.81,TP,1.5,11.4,772.02
2024-11-15 23:20:00,2024-11-15 23:25:00,buy,91313.7,91256.73,91399.155,SL,-1.0,-7.73,764.29
2024-11-17 03:35:00,2024-11-17 03:50:00,sell,90099.6,90153.98000000001,90018.03,SL,-1.0,-7.65,756.64
2024-11-21 12:30:00,2024-11-21 12:50:00,buy,97832.6,97666.70000000001,98081.45,SL,-1.0,-7.57,749.07
2024-11-23 00:10:00,2024-11-23 00:20:00,buy,98697.5,98599.84999999999,98843.975,TP,1.5,11.23,760.3
2024-11-24 00:00:00,2024-11-24 00:05:00,sell,97693.6,97790.20000000001,97548.7,SL,-1.0,-7.61,752.69
2024-11-24 01:00:00,2024-11-24 01:05:00,sell,97963.6,98039.0,97850.50000000001,SL,-1.0,-7.53,745.16
2024-11-24 20:20:00,2024-11-24 20:25:00,sell,96432.7,96539.16,96273.00999999998,SL,-1.0,-7.46,737.7
2024-11-26 00:35:00,2024-11-26 00:50:00,sell,94206.8,94362.15000000001,93973.775,TP,1.5,11.06,748.76
2024-11-26 04:40:00,2024-11-26 04:55:00,sell,94423.6,94527.93000000001,94267.10500000001,TP,1.5,11.22,759.98
2024-11-27 11:40:00,2024-11-27 12:05:00,buy,93393.6,93313.22,93514.17000000001,SL,-1.0,-7.61,752.37
2024-11-27 17:00:00,2024-11-27 17:05:00,buy,95624.2,95422.26,95927.11,SL,-1.0,-7.53,744.84
2024-11-28 17:15:00,2024-11-28 17:20:00,sell,95102.3,95186.36,94976.21,SL,-1.0,-7.46,737.38
2024-11-30 09:15:00,2024-11-30 09:20:00,buy,96745.1,96695.4,96819.65000000002,SL,-1.0,-7.38,730.0
2024-11-30 14:30:00,2024-11-30 14:55:00,sell,96594.4,96722.0,96402.99999999999,TP,1.5,10.94,740.94
2024-12-01 07:35:00,2024-12-01 07:45:00,sell,96394.4,96481.74,96263.38999999998,SL,-1.0,-7.42,733.52
2024-12-01 13:00:00,2024-12-01 13:10:00,buy,96796.7,96650.84000000001,97015.48999999998,TP,1.5,11.0,744.52
2024-12-01 15:40:00,2024-12-01 15:55:00,buy,97083.5,96989.20999999999,97224.93500000001,SL,-1.0,-7.45,737.07
2024-12-02 12:20:00,2024-12-02 12:25:00,sell,95162.0,95262.95999999999,95010.56000000001,SL,-1.0,-7.38,729.69
2024-12-02 19:40:00,2024-12-02 19:55:00,sell,95693.5,95828.53,95490.955,SL,-1.0,-7.3,722.39
2024-12-03 18:05:00,2024-12-03 18:20:00,sell,95638.1,95749.25,95471.37500000001,SL,-1.0,-7.23,715.16
2024-12-09 08:55:00,2024-12-09 09:00:00,buy,98898.4,98772.34000000001,99087.48999999996,TP,1.5,10.72,725.88
2024-12-09 22:50:00,2024-12-09 22:55:00,sell,97115.1,97214.31999999999,96966.27000000002,TP,1.5,10.88,736.76
2024-12-11 02:20:00,2024-12-11 02:25:00,sell,96172.5,96226.25,96091.875,SL,-1.0,-7.37,729.39
2024-12-12 07:10:00,2024-12-12 07:20:00,buy,100606.6,100542.56999999999,100702.64500000002,TP,1.5,10.93,740.32
2024-12-12 22:35:00,2024-12-12 22:40:00,sell,100246.9,100317.06,100141.65999999999,SL,-1.0,-7.41,732.91
2024-12-14 14:00:00,2024-12-15 04:15:00,sell,101366.6,102428.86,99773.21000000002,SL,-1.0,-7.34,725.57
2024-12-15 18:10:00,2024-12-15 18:15:00,buy,103075.8,102990.1,103204.35,SL,-1.0,-7.26,718.31
2024-12-16 10:00:00,2024-12-16 10:05:00,buy,104650.9,104587.31,104746.28499999999,SL,-1.0,-7.19,711.12
2024-12-16 23:00:00,2024-12-16 23:05:00,buy,105843.4,105759.26,105969.60999999999,SL,-1.0,-7.12,704.0
2024-12-18 17:20:00,2024-12-18 17:30:00,sell,104338.0,104426.02,104205.97,SL,-1.0,-7.05,696.95
2024-12-20 10:40:00,2024-12-20 10:50:00,sell,94975.0,95180.05,94667.42499999999,TP,1.5,10.45,707.4
2024-12-20 20:05:00,2024-12-20 20:10:00,buy,96925.1,96835.91,97058.88500000001,TP,1.5,10.6,718.0
2024-12-20 22:30:00,2024-12-20 22:35:00,sell,97116.5,97217.46,96965.06,TP,1.5,10.76,728.76
2024-12-21 01:35:00,2024-12-21 02:20:00,buy,97301.1,97174.64,97490.79000000001,TP,1.5,10.92,739.68
2024-12-21 08:05:00,2024-12-21 08:10:00,buy,98794.6,98692.45999999999,98947.81000000003,TP,1.5,11.09,750.77
2024-12-21 15:25:00,2024-12-21 15:40:00,sell,97509.5,97588.85,97390.47499999999,TP,1.5,11.25,762.02
2024-12-21 16:35:00,2024-12-21 16:45:00,sell,97426.8,97620.25,97136.625,TP,1.5,11.42,773.44
2024-12-22 00:15:00,2024-12-22 00:25:00,sell,97146.5,97241.61,97003.83499999999,SL,-1.0,-7.74,765.7
2024-12-22 01:25:00,2024-12-22 01:30:00,sell,97328.7,97389.89,97236.915,TP,1.5,11.48,777.18
2024-12-22 08:20:00,2024-12-22 09:05:00,sell,96569.9,96704.74,96367.63999999998,TP,1.5,11.65,788.83
2024-12-22 13:00:00,2024-12-22 13:05:00,buy,96975.1,96920.76000000001,97056.61,SL,-1.0,-7.9,780.93
2024-12-24 09:15:00,2024-12-24 10:00:00,buy,94131.2,93929.24,94434.13999999998,SL,-1.0,-7.82,773.11
2024-12-25 00:00:00,2024-12-25 00:05:00,buy,98603.7,98551.87999999999,98681.43000000001,SL,-1.0,-7.74,765.37
2024-12-25 06:00:00,2024-12-25 06:15:00,buy,98255.7,98188.06,98357.16,TP,1.5,11.47,776.84
2024-12-25 11:50:00,2024-12-25 11:55:00,buy,98323.2,98179.0,98539.5,SL,-1.0,-7.78,769.06
2024-12-26 03:45:00,2024-12-26 04:05:00,sell,99058.0,99221.24,98813.13999999998,TP,1.5,11.53,780.59
2024-12-27 00:40:00,2024-12-27 00:45:00,sell,95736.8,95844.77,95574.845,SL,-1.0,-7.81,772.78
2024-12-27 22:35:00,2024-12-27 23:20:00,sell,94520.8,94691.68,94264.48000000001,TP,1.5,11.58,784.36
2024-12-28 03:15:00,2024-12-28 03:25:00,sell,94543.1,94607.15,94447.02500000002,SL,-1.0,-7.85,776.51
2024-12-28 23:20:00,2024-12-29 00:30:00,buy,95237.6,95100.35,95443.475,SL,-1.0,-7.77,768.74
2024-12-31 03:30:00,2024-12-31 03:40:00,sell,92545.1,92635.07,92410.145,TP,1.5,11.52,780.26
2024-12-31 05:25:00,2024-12-31 05:30:00,sell,92601.6,92663.89,92508.16500000001,SL,-1.0,-7.81,772.45
2025-01-02 06:20:00,2025-01-02 07:00:00,buy,95457.1,95346.78,95622.58000000002,TP,1.5,11.58,784.03
2025-01-02 15:35:00,2025-01-02 16:00:00,buy,96419.2,96122.26,96864.61,SL,-1.0,-7.85,776.18
2025-01-03 23:15:00,2025-01-03 23:25:00,buy,98239.9,98152.57,98370.89499999997,SL,-1.0,-7.77,768.41
2025-01-04 17:00:00,2025-01-04 17:05:00,sell,97723.3,97776.47,97643.54500000001,SL,-1.0,-7.69,760.72
2025-01-05 19:15:00,2025-01-05 20:15:00,sell,98021.6,98138.12,97846.82000000002,SL,-1.0,-7.61,753.11
2025-01-07 18:15:00,2025-01-07 18:20:00,sell,97357.2,97429.15999999999,97249.26000000001,TP,1.5,11.29,764.4
2025-01-08 02:40:00,2025-01-08 03:00:00,sell,97036.8,97184.90999999999,96814.63500000002,TP,1.5,11.46,775.86
2025-01-08 18:25:00,2025-01-08 18:30:00,sell,94898.1,95159.38,94506.18000000001,TP,1.5,11.63,787.49
2025-01-09 12:20:00,2025-01-09 12:30:00,sell,93637.8,93701.48,93542.28000000001,TP,1.5,11.8,799.29
2025-01-09 17:15:00,2025-01-09 17:20:00,buy,93902.8,93667.05,94256.425,SL,-1.0,-8.0,791.29
2025-01-13 03:15:00,2025-01-13 03:20:00,sell,94224.8,94284.23000000001,94135.655,TP,1.5,11.86,803.15
2025-01-13 19:05:00,2025-01-13 19:10:00,sell,92204.6,92349.98000000001,91986.53,TP,1.5,12.04,815.19
2025-01-13 19:50:00,2025-01-13 19:55:00,sell,92177.0,92307.4,91981.40000000001,SL,-1.0,-8.16,807.03
2025-01-14 14:05:00,2025-01-14 14:20:00,buy,96268.5,96115.39000000001,96498.16499999998,TP,1.5,12.1,819.13
2025-01-14 20:50:00,2025-01-14 20:55:00,buy,96531.0,96457.78,96640.83,SL,-1.0,-8.2,810.93
2025-01-16 18:30:00,2025-01-16 18:35:00,buy,99481.7,99339.16,99695.50999999998,SL,-1.0,-8.12,802.81
2025-01-16 22:10:00,2025-01-16 22:15:00,buy,99912.4,99843.53,100015.70499999999,SL,-1.0,-8.04,794.77
2025-01-17 23:00:00,2025-01-17 23:45:00,buy,104409.9,104237.42000000001,104668.61999999997,SL,-1.0,-7.96,786.81
2025-01-18 16:20:00,2025-01-18 16:35:00,buy,104090.1,103858.09,104438.11500000002,SL,-1.0,-7.88,778.93
2025-01-19 00:25:00,2025-01-19 00:45:00,buy,104266.7,104169.86,104411.95999999999,TP,1.5,11.68,790.61
2025-01-19 03:10:00,2025-01-19 03:30:00,buy,104655.2,104535.98999999999,104834.01500000001,TP,1.5,11.85,802.46
2025-01-20 02:10:00,2025-01-20 02:15:00,sell,100991.8,101266.55,100579.675,SL,-1.0,-8.03,794.43
2025-01-20 10:55:00,2025-01-20 11:20:00,buy,108015.7,107762.96,108394.80999999998,TP,1.5,11.91,806.34
2025-01-20 18:10:00,2025-01-20 18:15:00,sell,103913.1,104186.95,103502.32500000001,TP,1.5,12.09,818.43
2025-01-20 23:40:00,2025-01-20 23:45:00,sell,103298.8,103396.33,103152.505,TP,1.5,12.27,830.7
2025-01-21 01:55:00,2025-01-21 02:10:00,sell,101482.1,101887.63,100873.80500000001,SL,-1.0,-8.32,822.38
2025-01-22 10:30:00,2025-01-22 10:45:00,sell,104981.1,105083.31,104827.78500000002,SL,-1.0,-8.23,814.15
2025-01-25 10:35:00,2025-01-25 10:45:00,sell,104400.1,104473.13,104290.55500000001,SL,-1.0,-8.15,806.0
2025-01-28 13:55:00,2025-01-28 14:00:00,buy,102595.6,102486.45000000001,102759.325,SL,-1.0,-8.07,797.93
2025-01-28 15:55:00,2025-01-28 16:05:00,buy,102775.2,102470.5,103232.25,SL,-1.0,-7.99,789.94
2025-01-29 09:15:00,2025-01-29 09:20:00,buy,102611.8,102486.13,102800.305,SL,-1.0,-7.91,782.03
2025-01-29 12:30:00,2025-01-29 12:35:00,buy,102457.1,102401.34,102540.74000000002,SL,-1.0,-7.83,774.2
2025-01-29 22:55:00,2025-01-29 23:00:00,buy,103478.5,103408.94,103582.84,TP,1.5,11.61,785.81
2025-01-30 05:40:00,2025-01-30 05:45:00,buy,105187.7,105092.32,105330.76999999999,SL,-1.0,-7.87,777.94
2025-01-30 13:40:00,2025-01-30 13:55:00,buy,105039.8,104894.98000000001,105257.03,SL,-1.0,-7.79,770.15
2025-01-30 23:05:00,2025-01-30 23:10:00,buy,105126.1,105058.85,105226.975,SL,-1.0,-7.71,762.44
2025-01-31 13:55:00,2025-01-31 14:05:00,buy,104661.6,104548.74,104830.89000000001,SL,-1.0,-7.63,754.81
2025-02-02 23:05:00,2025-02-02 23:10:00,sell,97460.9,97605.76999999999,97243.595,SL,-1.0,-7.56,747.25
2025-02-03 05:50:00,2025-02-03 05:55:00,sell,93774.4,93956.56,93501.15999999999,SL,-1.0,-7.48,739.77
2025-02-04 02:25:00,2025-02-04 02:30:00,buy,101068.7,101000.23,101171.405,TP,1.5,11.09,750.86
2025-02-04 15:25:00,2025-02-04 15:30:00,buy,99003.1,98850.49,99232.01500000001,SL,-1.0,-7.52,743.34
2025-02-05 13:00:00,2025-02-05 13:05:00,buy,98072.4,97945.34999999999,98262.975,TP,1.5,11.14,754.48
2025-02-06 03:50:00,2025-02-06 04:00:00,sell,97346.8,97402.38,97263.43,SL,-1.0,-7.55,746.93
2025-02-07 10:45:00,2025-02-07 11:05:00,buy,97311.2,97240.28,97417.57999999999,TP,1.5,11.2,758.13
2025-02-07 18:15:00,2025-02-07 18:20:00,sell,97889.5,97951.73999999999,97796.14000000001,SL,-1.0,-7.59,750.54
2025-02-10 03:50:00,2025-02-10 04:05:00,sell,96768.1,96917.98000000001,96543.28,SL,-1.0,-7.51,743.03
2025-02-10 06:20:00,2025-02-10 06:30:00,buy,97033.8,96935.47,97181.29500000001,TP,1.5,11.14,754.17
2025-02-10 14:40:00,2025-02-10 14:45:00,buy,97491.9,97213.11,97910.08499999999,SL,-1.0,-7.55,746.62
2025-02-13 17:35:00,2025-02-13 17:45:00,sell,95866.5,95986.86,95685.95999999999,SL,-1.0,-7.47,739.15
2025-02-13 22:50:00,2025-02-13 23:55:00,buy,96388.3,96236.43999999999,96616.09000000003,TP,1.5,11.08,750.23
2025-02-14 06:40:00,2025-02-14 06:50:00,buy,96670.6,96622.26,96743.11000000002,TP,1.5,11.25,761.48
2025-02-17 12:05:00,2025-02-17 12:15:00,sell,96194.8,96268.43999999999,96084.34000000003,SL,-1.0,-7.62,753.86
2025-02-20 05:05:00,2025-02-20 05:25:00,buy,97147.9,97073.03,97260.20499999999,SL,-1.0,-7.55,746.31
2025-02-20 20:35:00,2025-02-20 20:40:00,buy,98471.3,98393.42000000001,98588.12,TP,1.5,11.19,757.5
2025-02-25 18:10:00,2025-02-25 18:15:00,sell,87393.2,87561.78,87140.32999999999,TP,1.5,11.35,768.85
2025-02-25 19:40:00,2025-02-25 19:45:00,sell,87273.4,87461.78,86990.82999999999,SL,-1.0,-7.7,761.15
2025-02-26 01:55:00,2025-02-26 02:05:00,sell,88715.6,88847.67,88517.49500000002,TP,1.5,11.41,772.56
2025-02-26 14:55:00,2025-02-26 15:00:00,sell,87618.0,87739.26000000001,87436.10999999999,SL,-1.0,-7.73,764.83
2025-02-27 13:05:00,2025-02-27 13:30:00,buy,86358.3,86226.44,86556.09,SL,-1.0,-7.66,757.17
2025-02-27 18:15:00,2025-02-27 18:20:00,sell,84832.7,84953.03,84652.20499999999,TP,1.5,11.35,768.52
2025-02-27 22:40:00,2025-02-27 22:45:00,sell,84232.5,84387.27,84000.345,SL,-1.0,-7.69,760.83
2025-02-28 11:15:00,2025-02-28 11:25:00,sell,80224.7,80480.72,79840.66999999998,SL,-1.0,-7.62,753.21
2025-03-01 00:40:00,2025-03-01 00:50:00,buy,84156.3,84018.38,84363.18,SL,-1.0,-7.54,745.67
2025-03-03 22:25:00,2025-03-03 22:50:00,sell,86386.6,86603.44,86061.34000000001,SL,-1.0,-7.46,738.21
2025-03-04 12:55:00,2025-03-04 13:00:00,sell,83764.2,83889.09,83576.86499999999,TP,1.5,11.07,749.28
2025-03-04 23:00:00,2025-03-04 23:05:00,buy,87496.6,87389.51000000001,87657.235,TP,1.5,11.23,760.51
2025-03-08 03:40:00,2025-03-08 03:45:00,sell,85990.0,86035.12000000001,85922.31999999998,SL,-1.0,-7.61,752.9
2025-03-08 12:20:00,2025-03-08 12:25:00,sell,86185.4,86231.99,86115.51499999998,SL,-1.0,-7.54,745.36
2025-03-08 23:00:00,2025-03-08 23:35:00,sell,86296.3,86416.08,86116.63,TP,1.5,11.17,756.53
2025-03-10 01:45:00,2025-03-10 01:50:00,sell,81727.0,81794.14,81626.29000000001,SL,-1.0,-7.57,748.96
2025-03-10 23:05:00,2025-03-10 23:10:00,sell,79599.8,79704.94,79442.09,TP,1.5,11.23,760.19
2025-03-11 13:55:00,2025-03-11 14:00:00,buy,80888.9,80756.88,81086.92999999998,SL,-1.0,-7.61,752.58
2025-03-12 10:25:00,2025-03-12 10:30:00,buy,82292.7,82122.09999999999,82548.6,SL,-1.0,-7.53,745.05
2025-03-13 00:15:00,2025-03-13 00:20:00,buy,83605.0,83461.85,83819.72499999999,TP,1.5,11.17,756.22
2025-03-13 12:30:00,2025-03-13 14:00:00,sell,83065.0,84064.85,81565.22499999999,TP,1.5,11.34,767.56
2025-03-13 18:35:00,2025-03-13 18:45:00,sell,80800.5,80914.16,80630.01,TP,1.5,11.51,779.07
2025-03-13 20:30:00,2025-03-13 20:40:00,sell,80613.7,80743.7,80418.7,TP,1.5,11.68,790.75
2025-03-14 17:25:00,2025-03-14 17:35:00,buy,84385.0,84217.42,84636.37,SL,-1.0,-7.92,782.83
2025-03-14 23:15:00,2025-03-14 23:35:00,buy,84219.4,84158.01000000001,84311.48499999997,SL,-1.0,-7.84,774.99
2025-03-17 05:05:00,2025-03-17 05:10:00,buy,83474.8,83429.98000000001,83542.03,SL,-1.0,-7.76,767.23
2025-03-19 07:55:00,2025-03-19 08:00:00,buy,83184.1,83139.03,83251.70500000002,TP,1.5,11.5,778.73
2025-03-20 01:10:00,2025-03-20 01:30:00,buy,86290.0,86186.45,86445.32500000001,SL,-1.0,-7.8,770.93
2025-03-20 21:40:00,2025-03-20 21:55:00,sell,84469.5,84556.24,84339.38999999998,TP,1.5,11.56,782.49
2025-03-21 08:05:00,2025-03-21 08:15:00,sell,84099.7,84163.97,84003.29499999998,TP,1.5,11.73,794.22
2025-03-24 16:45:00,2025-03-24 16:50:00,buy,88020.4,87956.29000000001,88116.56499999997,SL,-1.0,-7.95,786.27
2025-03-25 05:25:00,2025-03-25 05:30:00,sell,86613.3,86688.42000000001,86500.62,SL,-1.0,-7.87,778.4
2025-03-25 16:45:00,2025-03-25 17:00:00,buy,87777.4,87622.46,88009.80999999997,TP,1.5,11.67,790.07
2025-03-25 18:25:00,2025-03-25 18:40:00,buy,87793.1,87665.84,87983.99000000002,SL,-1.0,-7.91,782.16
2025-03-26 19:55:00,2025-03-26 20:00:00,sell,86570.9,86752.79,86298.065,SL,-1.0,-7.83,774.33
2025-03-27 07:20:00,2025-03-27 07:30:00,buy,87310.7,87265.55,87378.42499999999,TP,1.5,11.61,785.94
2025-03-27 22:45:00,2025-03-27 22:50:00,buy,87354.1,87306.28,87425.83000000002,TP,1.5,11.78,797.72
2025-03-28 21:25:00,2025-03-28 21:30:00,sell,84007.9,84086.15,83890.525,SL,-1.0,-7.99,789.73
2025-03-30 22:45:00,2025-03-30 23:00:00,sell,82521.8,82643.14000000001,82339.78999999998,TP,1.5,11.84,801.57
2025-03-31 19:50:00,2025-03-31 20:05:00,buy,82627.0,82369.49,83013.26499999998,SL,-1.0,-8.02,793.55
2025-03-31 23:10:00,2025-03-31 23:15:00,sell,82562.6,82644.09,82440.36500000002,SL,-1.0,-7.94,785.61
2025-04-01 22:00:00,2025-04-01 22:05:00,buy,85219.0,85123.53,85362.205,TP,1.5,11.78,797.39
2025-04-02 07:45:00,2025-04-02 07:50:00,sell,84246.8,84326.17,84127.74500000001,SL,-1.0,-7.98,789.41
2025-04-04 14:15:00,2025-04-04 14:20:00,sell,83038.6,83111.40000000001,82929.4,SL,-1.0,-7.9,781.51
2025-04-05 00:25:00,2025-04-05 00:30:00,buy,83743.9,83681.11,83838.08499999999,SL,-1.0,-7.82,773.69
2025-04-05 05:50:00,2025-04-05 05:55:00,buy,83726.0,83679.73999999999,83795.39000000001,SL,-1.0,-7.74,765.95
2025-04-05 10:45:00,2025-04-05 11:00:00,buy,83606.7,83563.35,83671.72499999998,TP,1.5,11.48,777.43
2025-04-05 20:35:00,2025-04-05 20:40:00,sell,83010.9,83054.55,82945.42499999999,SL,-1.0,-7.78,769.65
2025-04-06 21:15:00,2025-04-06 21:20:00,sell,79395.0,79580.51999999999,79116.72000000002,SL,-1.0,-7.7,761.95
2025-04-06 23:45:00,2025-04-06 23:55:00,sell,78508.1,78746.58,78150.38,TP,1.5,11.42,773.37
2025-04-07 01:05:00,2025-04-07 01:10:00,sell,78515.2,78701.95000000001,78235.07499999998,SL,-1.0,-7.74,765.63
2025-04-07 02:10:00,2025-04-07 02:15:00,sell,79036.9,79097.69,78945.71499999998,SL,-1.0,-7.66,757.97
2025-04-07 12:35:00,2025-04-07 12:50:00,sell,77092.4,77370.39,76675.41499999998,SL,-1.0,-7.59,750.38
2025-04-07 16:10:00,2025-04-07 16:15:00,buy,78283.7,78030.08,78664.12999999999,SL,-1.0,-7.51,742.87
2025-04-07 23:45:00,2025-04-07 23:50:00,buy,79348.5,79214.31000000001,79549.78499999997,SL,-1.0,-7.44,735.43
2025-04-08 07:50:00,2025-04-08 08:10:00,buy,79380.3,79239.34,79591.74000000002,SL,-1.0,-7.36,728.07
2025-04-09 14:50:00,2025-04-09 14:55:00,buy,77227.5,76956.31,77634.285,SL,-1.0,-7.29,720.78
2025-04-10 12:55:00,2025-04-10 13:00:00,buy,81713.0,81614.87,81860.195,SL,-1.0,-7.22,713.56
2025-04-10 17:50:00,2025-04-10 17:55:00,sell,79307.2,79424.72,79130.91999999998,SL,-1.0,-7.14,706.42
2025-04-10 22:35:00,2025-04-10 22:50:00,sell,79863.8,79932.32,79761.01999999999,TP,1.5,10.59,717.01
2025-04-11 12:55:00,2025-04-11 13:10:00,buy,82103.4,81986.86,82278.20999999999,SL,-1.0,-7.18,709.83
2025-04-12 23:00:00,2025-04-12 23:10:00,buy,85337.0,85283.98,85416.53,SL,-1.0,-7.11,702.72
2025-04-13 08:45:00,2025-04-13 09:25:00,sell,84601.7,84709.31999999999,84440.27,SL,-1.0,-7.03,695.69
2025-04-13 22:00:00,2025-04-13 22:15:00,sell,83669.7,83909.54000000001,83309.93999999997,TP,1.5,10.43,706.12
2025-04-14 10:50:00,2025-04-14 11:00:00,sell,84701.6,84825.98,84515.03000000003,TP,1.5,10.58,716.7
2025-04-17 15:15:00,2025-04-17 15:20:00,sell,84618.1,84666.92,84544.87000000002,TP,1.5,10.74,727.44
2025-04-18 07:45:00,2025-04-18 07:55:00,sell,84604.1,84652.75,84531.12500000001,SL,-1.0,-7.28,720.16
2025-04-21 04:05:00,2025-04-21 04:10:00,buy,87319.6,87235.04000000001,87446.44,SL,-1.0,-7.21,712.95
2025-04-22 00:35:00,2025-04-22 00:55:00,buy,87309.0,87044.46,87705.81,TP,1.5,10.69,723.64
2025-04-22 16:30:00,2025-04-22 16:40:00,buy,90685.7,90628.89,90770.915,SL,-1.0,-7.24,716.4
2025-04-23 03:05:00,2025-04-23 03:10:00,buy,92801.2,92739.41,92893.88499999998,SL,-1.0,-7.17,709.23
2025-04-23 10:05:00,2025-04-23 10:10:00,buy,93508.4,93366.61,93721.08499999999,SL,-1.0,-7.1,702.13
2025-04-24 14:20:00,2025-04-24 14:30:00,sell,92717.5,92853.44,92513.59,SL,-1.0,-7.03,695.1
2025-04-26 03:20:00,2025-04-26 03:25:00,buy,94855.4,94759.91,94998.63499999998,SL,-1.0,-6.96,688.14
2025-04-27 01:25:00,2025-04-27 01:30:00,buy,94728.7,94608.45,94909.075,SL,-1.0,-6.89,681.25
2025-04-28 09:25:00,2025-04-28 09:30:00,buy,94718.1,94670.37,94789.69500000002,TP,1.5,10.21,691.46
2025-04-29 09:30:00,2025-04-29 09:45:00,buy,94929.4,94868.39000000001,95020.91499999996,SL,-1.0,-6.92,684.54
2025-04-30 06:15:00,2025-04-30 06:35:00,buy,94908.3,94853.18,94990.98000000001,SL,-1.0,-6.85,677.69
2025-04-30 15:35:00,2025-04-30 15:40:00,sell,94056.5,94106.92000000001,93980.86999999998,SL,-1.0,-6.78,670.91
2025-05-01 13:35:00,2025-05-01 13:40:00,buy,96188.5,96119.42,96292.12,SL,-1.0,-6.72,664.19
2025-05-01 19:35:00,2025-05-01 19:40:00,buy,96646.6,96592.16,96728.26000000001,SL,-1.0,-6.65,657.54
2025-05-01 22:00:00,2025-05-01 22:10:00,buy,96470.0,96391.89,96587.16500000001,TP,1.5,9.86,667.4
2025-05-02 08:40:00,2025-05-02 08:55:00,sell,96720.9,96777.9,96635.4,TP,1.5,10.0,677.4
2025-05-08 19:15:00,2025-05-08 19:20:00,buy,101081.6,100998.53,101206.20500000002,TP,1.5,10.15,687.55
2025-05-09 01:30:00,2025-05-09 01:35:00,buy,102735.8,102678.88,102821.18,SL,-1.0,-6.88,680.67
2025-05-10 03:20:00,2025-05-10 03:35:00,buy,103038.0,102977.03,103129.455,TP,1.5,10.2,690.87
2025-05-12 07:50:00,2025-05-12 07:55:00,buy,104514.7,104408.24,104674.38999999998,SL,-1.0,-6.92,683.95
2025-05-12 19:15:00,2025-05-12 19:25:00,sell,101932.2,102129.02,101636.96999999999,TP,1.5,10.25,694.2
2025-05-13 02:05:00,2025-05-13 02:10:00,sell,102526.0,102759.57,102175.64499999999,TP,1.5,10.41,704.61
2025-05-16 09:25:00,2025-05-16 09:45:00,sell,103696.8,103768.90000000001,103588.65,SL,-1.0,-7.05,697.56
2025-05-20 03:15:00,2025-05-20 03:20:00,buy,105927.4,105847.88,106046.67999999998,TP,1.5,10.46,708.02
2025-05-21 23:50:00,2025-05-22 00:10:00,buy,109629.7,109296.56,110129.41,TP,1.5,10.61,718.63
2025-05-22 18:10:00,2025-05-22 18:15:00,buy,111438.6,111338.51000000001,111588.735,TP,1.5,10.77,729.4
2025-05-24 18:30:00,2025-05-24 18:35:00,buy,108975.9,108918.76000000001,109061.60999999997,SL,-1.0,-7.3,722.1
2025-05-25 00:30:00,2025-05-25 00:40:00,sell,108032.3,108129.24,107886.89,TP,1.5,10.82,732.92
2025-05-25 10:05:00,2025-05-25 10:50:00,sell,107126.8,107313.29000000001,106847.065,SL,-1.0,-7.34,725.58
2025-05-26 13:20:00,2025-05-26 13:25:00,buy,109749.4,109669.71,109868.93499999997,TP,1.5,10.88,736.46
2025-05-27 00:15:00,2025-05-27 00:50:00,sell,109481.8,109685.26,109176.61000000002,TP,1.5,11.04,747.5
2025-05-27 09:40:00,2025-05-27 09:50:00,buy,109596.0,109411.09,109873.365,TP,1.5,11.21,758.71
2025-05-28 12:00:00,2025-05-28 12:15:00,sell,108867.4,108959.84,108728.73999999999,SL,-1.0,-7.59,751.12
2025-05-30 12:45:00,2025-05-30 12:50:00,sell,105912.8,105999.34000000001,105782.98999999999,TP,1.5,11.26,762.38
2025-05-30 13:45:00,2025-05-30 13:50:00,sell,105897.5,105997.13,105748.055,TP,1.5,11.43,773.81
2025-05-31 01:05:00,2025-05-31 01:10:00,sell,103897.0,104086.33,103613.005,SL,-1.0,-7.75,766.06
2025-06-04 14:45:00,2025-06-04 14:55:00,sell,104799.3,104921.97,104615.29500000001,SL,-1.0,-7.67,758.39
2025-06-08 02:20:00,2025-06-08 02:55:00,buy,105539.2,105474.6,105636.09999999998,SL,-1.0,-7.59,750.8
2025-06-10 07:15:00,2025-06-10 07:25:00,buy,109367.9,109278.4,109502.15,TP,1.5,11.25,762.05
2025-06-10 15:55:00,2025-06-10 16:00:00,sell,109009.6,109099.78,108874.33000000002,SL,-1.0,-7.63,754.42
2025-06-11 04:25:00,2025-06-11 04:45:00,buy,109682.3,109590.23000000001,109820.405,SL,-1.0,-7.55,746.87
2025-06-11 08:40:00,2025-06-11 09:00:00,sell,109592.2,109657.89,109493.665,TP,1.5,11.2,758.07
2025-06-13 10:40:00,2025-06-13 10:50:00,sell,104768.6,104851.43999999999,104644.34000000003,TP,1.5,11.36,769.43
2025-06-13 16:40:00,2025-06-13 16:45:00,buy,105603.5,105416.14,105884.54000000001,SL,-1.0,-7.7,761.73
2025-06-14 05:00:00,2025-06-14 06:15:00,sell,105341.6,105452.04000000001,105175.94,TP,1.5,11.42,773.15
2025-06-19 21:40:00,2025-06-19 21:55:00,sell,104349.0,104402.60999999999,104268.58500000002,TP,1.5,11.59,784.74
2025-06-22 16:50:00,2025-06-22 16:55:00,sell,99429.9,99548.15,99252.525,SL,-1.0,-7.86,776.88
2025-06-22 20:40:00,2025-06-22 20:45:00,sell,99202.1,99330.37,99009.69500000002,SL,-1.0,-7.78,769.1
2025-06-24 02:10:00,2025-06-24 02:15:00,buy,104945.4,104813.57,105143.14499999997,SL,-1.0,-7.7,761.4
2025-06-24 02:30:00,2025-06-24 02:35:00,buy,105013.8,104957.82,105097.76999999999,SL,-1.0,-7.62,753.78
2025-06-25 00:35:00,2025-06-25 00:50:00,buy,105894.6,105800.48,106035.78000000003,TP,1.5,11.3,765.08
2025-06-26 05:05:00,2025-06-26 05:20:00,buy,107796.0,107707.32999999999,107929.00500000002,SL,-1.0,-7.66,757.42
2025-06-28 16:25:00,2025-06-28 16:30:00,buy,107326.2,107246.55,107445.67499999999,TP,1.5,11.35,768.77
2025-07-03 15:05:00,2025-07-03 15:20:00,buy,109428.6,109315.4,109598.40000000002,SL,-1.0,-7.7,761.07
2025-07-07 17:30:00,2025-07-07 17:40:00,sell,108209.4,108385.59999999999,107945.1,TP,1.5,11.41,772.48
2025-07-07 21:40:00,2025-07-07 21:45:00,sell,108062.7,108123.45999999999,107971.56,SL,-1.0,-7.73,764.75
2025-07-11 04:20:00,2025-07-11 04:30:00,buy,116590.4,116508.72,116712.91999999998,SL,-1.0,-7.66,757.09
2025-07-11 15:00:00,2025-07-11 15:05:00,buy,117883.8,117786.27,118030.095,SL,-1.0,-7.58,749.51
2025-07-12 16:20:00,2025-07-12 16:40:00,sell,117291.6,117360.91,117187.63500000001,SL,-1.0,-7.5,742.01
2025-07-12 22:00:00,2025-07-12 22:15:00,sell,117481.6,117562.03,117360.95500000002,TP,1.5,11.12,753.13
2025-07-14 02:05:00,2025-07-14 02:20:00,buy,119050.2,118945.18999999999,119207.71500000001,TP,1.5,11.29,764.42
2025-07-15 10:25:00,2025-07-15 10:30:00,sell,117013.5,117080.36,116913.20999999999,TP,1.5,11.46,775.88
2025-07-15 19:10:00,2025-07-15 19:25:00,sell,117048.5,117214.1,116800.09999999999,TP,1.5,11.63,787.51
2025-07-17 01:25:00,2025-07-17 01:30:00,buy,118685.3,118579.52,118843.97,SL,-1.0,-7.88,779.63
2025-07-17 16:10:00,2025-07-17 16:30:00,buy,118656.6,118480.84000000001,118920.23999999999,SL,-1.0,-7.8,771.83
2025-07-21 01:15:00,2025-07-21 01:35:00,sell,117155.0,117264.56000000001,116990.65999999997,TP,1.5,11.57,783.4
2025-07-23 12:30:00,2025-07-23 12:35:00,sell,118545.0,118604.63,118455.555,TP,1.5,11.74,795.14
2025-07-23 15:20:00,2025-07-23 15:30:00,sell,117978.8,118110.51,117781.23500000002,SL,-1.0,-7.96,787.18
2025-07-24 19:45:00,2025-07-24 19:55:00,buy,119025.7,118937.25,119158.375,SL,-1.0,-7.88,779.3
2025-07-25 16:05:00,2025-07-25 16:15:00,sell,115825.7,115927.6,115672.84999999998,TP,1.5,11.68,790.98
2025-08-01 05:10:00,2025-08-01 05:15:00,sell,115844.1,115929.23999999999,115716.39000000003,TP,1.5,11.86,802.84
2025-08-02 21:15:00,2025-08-02 21:30:00,sell,112605.0,112705.73000000001,112453.90499999998,SL,-1.0,-8.04,794.8
2025-08-04 14:55:00,2025-08-04 15:00:00,buy,114731.1,114642.04,114864.69000000003,TP,1.5,11.91,806.71
2025-08-05 13:50:00,2025-08-05 13:55:00,sell,114395.9,114459.58,114300.37999999998,TP,1.5,12.09,818.8
2025-08-07 14:30:00,2025-08-07 15:40:00,buy,116379.5,116185.12000000001,116671.06999999998,TP,1.5,12.27,831.07
2025-08-08 01:05:00,2025-08-08 01:10:00,buy,116941.0,116844.4,117085.90000000001,TP,1.5,12.46,843.53
2025-08-12 14:05:00,2025-08-12 14:10:00,buy,119073.1,118970.97,119226.29500000001,SL,-1.0,-8.44,835.09
2025-08-15 16:35:00,2025-08-15 16:40:00,sell,117177.5,117237.06,117088.16,SL,-1.0,-8.36,826.73
2025-08-15 20:30:00,2025-08-15 21:00:00,sell,117214.2,117327.01999999999,117044.97,SL,-1.0,-8.28,818.45
2025-08-18 14:25:00,2025-08-18 14:30:00,sell,115372.0,115523.95,115144.07500000001,TP,1.5,12.27,830.72
2025-08-21 13:30:00,2025-08-21 13:35:00,sell,113272.5,113434.77,113029.095,SL,-1.0,-8.32,822.4
2025-08-24 15:30:00,2025-08-24 15:50:00,sell,114664.5,114774.36,114499.70999999999,TP,1.5,12.33,834.73
2025-08-25 16:00:00,2025-08-25 16:10:00,buy,112177.6,111994.18000000001,112452.73000000001,TP,1.5,12.51,847.24
2025-08-29 11:00:00,2025-08-29 11:10:00,sell,109999.9,110109.71,109835.18499999997,SL,-1.0,-8.48,838.76
2025-08-29 19:10:00,2025-08-29 19:15:00,sell,108369.1,108473.62000000001,108212.32,SL,-1.0,-8.4,830.36
2025-09-01 01:45:00,2025-09-01 02:20:00,sell,108204.1,108497.69,107763.71500000001,TP,1.5,12.45,842.81
2025-09-04 13:05:00,2025-09-04 13:20:00,sell,110870.6,110973.35,110716.475,TP,1.5,12.63,855.44
2025-09-04 18:55:00,2025-09-04 19:00:00,sell,109977.7,110070.21,109838.93499999998,SL,-1.0,-8.56,846.88
2025-09-05 00:10:00,2025-09-05 00:35:00,buy,110649.8,110530.93000000001,110828.105,TP,1.5,12.69,859.57
2025-09-08 19:10:00,2025-09-08 19:25:00,buy,112216.0,112154.29,112308.565,SL,-1.0,-8.6,850.97
2025-09-16 04:15:00,2025-09-16 04:25:00,buy,115064.1,114926.37000000001,115270.695,TP,1.5,12.76,863.73
2025-09-18 08:45:00,2025-09-18 11:50:00,buy,117180.1,117063.26999999999,117355.34500000003,SL,-1.0,-8.65,855.08
2025-09-21 22:00:00,2025-09-21 22:05:00,sell,115420.2,115492.12,115312.32,TP,1.5,12.82,867.9
2025-09-22 02:25:00,2025-09-22 02:30:00,sell,114513.5,114643.65,114318.27500000001,TP,1.5,13.01,880.91
2025-09-24 16:10:00,2025-09-24 16:20:00,buy,113288.8,113146.81,113501.785,TP,1.5,13.2,894.11
2025-09-25 15:50:00,2025-09-25 15:55:00,sell,111388.0,111500.09,111219.865,SL,-1.0,-8.95,885.16
2025-09-26 00:20:00,2025-09-26 00:40:00,sell,109267.1,109409.42,109053.62000000002,TP,1.5,13.27,898.43
2025-09-28 01:00:00,2025-09-28 01:05:00,buy,109606.3,109545.16,109698.01000000001,SL,-1.0,-8.99,889.44
2025-09-29 12:55:00,2025-09-29 13:00:00,buy,112019.9,111951.41,112122.63499999998,SL,-1.0,-8.9,880.54
2025-09-30 21:45:00,2025-09-30 21:55:00,buy,114350.8,114272.8,114467.8,SL,-1.0,-8.81,871.73
2025-10-03 14:00:00,2025-10-03 14:10:00,buy,120382.9,120114.3,120785.79999999999,SL,-1.0,-8.73,863.0
2025-10-03 21:40:00,2025-10-03 21:50:00,buy,122149.9,122064.7,122277.69999999998,SL,-1.0,-8.64,854.36
2025-10-05 08:50:00,2025-10-05 08:55:00,buy,124678.8,124604.88,124789.68,SL,-1.0,-8.55,845.81
2025-10-06 19:45:00,2025-10-06 20:15:00,buy,125395.2,125257.81999999999,125601.27,SL,-1.0,-8.47,837.34
2025-10-07 05:40:00,2025-10-07 05:45:00,sell,124545.6,124641.68,124401.48000000003,TP,1.5,12.55,849.89
2025-10-08 00:50:00,2025-10-08 01:00:00,sell,121993.4,122089.95000000001,121848.57499999997,TP,1.5,12.74,862.63
2025-10-08 14:55:00,2025-10-08 15:45:00,buy,122320.0,122089.0,122666.5,SL,-1.0,-8.63,854.0
2025-10-09 19:05:00,2025-10-09 19:10:00,sell,120836.5,120916.34999999999,120716.725,SL,-1.0,-8.55,845.45
2025-10-10 21:55:00,2025-10-10 22:05:00,sell,113500.1,114151.25,112523.37500000001,TP,1.5,12.67,858.12
2025-10-11 13:25:00,2025-10-11 13:30:00,sell,112349.9,112456.95999999999,112189.31,TP,1.5,12.86,870.98
2025-10-12 09:45:00,2025-10-12 09:55:00,sell,111575.2,111784.43,111261.35500000001,SL,-1.0,-8.72,862.26
2025-10-13 00:45:00,2025-10-13 00:50:00,buy,115113.9,114961.55,115342.42499999999,TP,1.5,12.93,875.19
2025-10-14 05:20:00,2025-10-14 05:25:00,sell,113394.0,113531.07,113188.39499999999,TP,1.5,13.12,888.31
2025-10-14 22:35:00,2025-10-14 22:40:00,buy,113080.2,112995.86,113206.70999999999,SL,-1.0,-8.89,879.42
2025-10-15 02:05:00,2025-10-15 02:15:00,sell,112739.7,112993.03,112359.70499999999,SL,-1.0,-8.8,870.62
2025-10-15 03:10:00,2025-10-15 03:20:00,buy,112481.4,112335.94,112699.58999999998,SL,-1.0,-8.71,861.91
2025-10-15 09:30:00,2025-10-15 10:00:00,buy,112535.3,112362.76,112794.11000000002,SL,-1.0,-8.63,853.28
2025-10-15 20:20:00,2025-10-15 20:25:00,sell,111490.0,111566.03,111375.955,TP,1.5,12.79,866.07
2025-10-15 21:35:00,2025-10-15 21:50:00,sell,111172.8,111448.7,110758.95000000001,TP,1.5,12.98,879.05
2025-10-16 18:50:00,2025-10-16 18:55:00,sell,108496.2,108561.27,108398.59499999999,SL,-1.0,-8.8,870.25
2025-10-16 21:15:00,2025-10-16 21:30:00,sell,108091.7,108223.68,107893.73000000001,SL,-1.0,-8.71,861.54
2025-10-17 10:55:00,2025-10-17 11:00:00,sell,104752.0,104818.19,104652.715,SL,-1.0,-8.62,852.92
2025-10-18 12:40:00,2025-10-18 13:00:00,buy,107020.0,106952.38,107121.43,SL,-1.0,-8.54,844.38
2025-10-20 10:50:00,2025-10-20 11:05:00,buy,110740.0,110643.16,110885.26,SL,-1.0,-8.45,835.93
2025-10-20 21:25:00,2025-10-20 21:40:00,buy,110886.7,110767.88,111064.93,SL,-1.0,-8.37,827.56
2025-10-22 05:10:00,2025-10-22 05:20:00,sell,108353.5,108488.26,108151.36000000002,TP,1.5,12.41,839.97
2025-10-22 11:30:00,2025-10-22 11:35:00,sell,107831.5,107992.06,107590.66,SL,-1.0,-8.41,831.56
2025-10-22 12:25:00,2025-10-22 12:35:00,sell,107988.7,108128.16,107779.50999999998,SL,-1.0,-8.32,823.24
2025-10-27 03:50:00,2025-10-27 04:10:00,buy,115019.9,114926.24,115160.38999999998,TP,1.5,12.34,835.58
2025-10-27 12:25:00,2025-10-27 12:30:00,buy,115290.3,115217.25,115399.875,SL,-1.0,-8.36,827.22
2025-10-27 18:30:00,2025-10-27 19:00:00,buy,115448.9,115310.81,115656.03499999999,SL,-1.0,-8.28,818.94
2025-10-28 21:35:00,2025-10-28 21:40:00,sell,112936.6,113020.91,112810.13500000001,SL,-1.0,-8.2,810.74
2025-10-30 20:10:00,2025-10-30 20:25:00,sell,106864.5,107103.49,106506.01499999998,SL,-1.0,-8.12,802.62
2025-10-31 16:25:00,2025-10-31 16:30:00,buy,110104.6,109976.01,110297.48500000002,SL,-1.0,-8.03,794.59
2025-11-03 19:40:00,2025-11-03 19:55:00,sell,107264.5,107407.35,107050.22499999999,TP,1.5,11.91,806.5
2025-11-03 23:25:00,2025-11-03 23:30:00,sell,106450.2,106536.90000000001,106320.14999999998,SL,-1.0,-8.07,798.43
2025-11-04 00:55:00,2025-11-04 01:00:00,sell,106464.4,106527.75,106369.37499999999,SL,-1.0,-7.99,790.44
2025-11-04 22:10:00,2025-11-04 22:15:00,sell,100912.2,101054.83,100698.25499999999,SL,-1.0,-7.91,782.53
2025-11-05 08:55:00,2025-11-05 09:00:00,sell,101696.8,101854.9,101459.65000000002,SL,-1.0,-7.83,774.7
2025-11-05 11:40:00,2025-11-05 11:45:00,sell,101743.0,101854.16,101576.26,SL,-1.0,-7.75,766.95
2025-11-05 14:25:00,2025-11-05 14:30:00,buy,102668.8,102485.88,102943.18,SL,-1.0,-7.68,759.27
2025-11-06 11:30:00,2025-11-06 11:40:00,sell,103148.7,103276.98000000001,102956.27999999997,SL,-1.0,-7.6,751.67
2025-11-06 17:55:00,2025-11-06 18:00:00,sell,101799.8,101910.18,101634.23000000001,TP,1.5,11.27,762.94
2025-11-07 00:50:00,2025-11-07 00:55:00,sell,101540.0,101630.48,101404.28,TP,1.5,11.44,774.38
2025-11-07 23:50:00,2025-11-07 23:55:00,buy,103444.0,103385.53,103531.705,SL,-1.0,-7.75,766.63
2025-11-08 14:40:00,2025-11-08 14:50:00,sell,101933.0,102077.54,101716.19,SL,-1.0,-7.67,758.96
2025-11-09 17:20:00,2025-11-09 17:30:00,buy,103479.6,103305.53,103740.70500000002,TP,1.5,11.38,770.34
2025-11-10 17:05:00,2025-11-10 17:35:00,sell,105372.5,105551.05,105104.67499999999,SL,-1.0,-7.71,762.63
2025-11-11 08:20:00,2025-11-11 08:25:00,sell,105186.9,105264.25,105070.87499999999,SL,-1.0,-7.63,755.0
2025-11-12 05:05:00,2025-11-12 05:10:00,sell,103278.4,103340.88,103184.67999999998,SL,-1.0,-7.56,747.44
2025-11-13 13:15:00,2025-11-13 13:20:00,buy,102930.7,102874.39,103015.165,SL,-1.0,-7.48,739.96
2025-11-13 14:55:00,2025-11-13 15:00:00,sell,102876.0,103222.26,102356.61000000002,TP,1.5,11.09,751.05
2025-11-14 16:40:00,2025-11-14 17:25:00,sell,97112.7,97417.82,96655.01999999999,TP,1.5,11.26,762.31
2025-11-15 00:05:00,2025-11-15 00:10:00,sell,95058.0,95319.87999999999,94665.18000000002,SL,-1.0,-7.63,754.68
2025-11-15 18:20:00,2025-11-15 20:05:00,buy,96076.7,95917.42,96315.62,SL,-1.0,-7.55,747.13
2025-11-16 06:00:00,2025-11-16 06:55:00,buy,95887.0,95774.25,96056.125,SL,-1.0,-7.48,739.65
2025-11-17 22:10:00,2025-11-17 22:25:00,sell,92088.8,92219.22,91893.17000000001,SL,-1.0,-7.4,732.25
2025-11-18 00:00:00,2025-11-18 00:05:00,sell,92214.1,92296.06,92091.16000000002,SL,-1.0,-7.33,724.92
2025-11-20 23:00:00,2025-11-20 23:05:00,sell,87994.3,88210.19,87670.465,TP,1.5,10.87,735.79
2025-11-22 19:40:00,2025-11-22 19:50:00,buy,84587.7,84504.92,84711.87,TP,1.5,11.03,746.82
2025-11-22 23:55:00,2025-11-23 00:00:00,buy,84744.0,84669.85,84855.22499999999,TP,1.5,11.19,758.01
2025-11-23 17:00:00,2025-11-23 18:15:00,buy,86715.3,86495.72,87044.67000000001,TP,1.5,11.36,769.37
2025-11-24 03:50:00,2025-11-24 03:55:00,buy,87312.6,87257.82,87394.77,TP,1.5,11.53,780.9
2025-11-26 01:10:00,2025-11-26 01:30:00,buy,87519.5,87414.51999999999,87676.97000000002,TP,1.5,11.71,792.61
2025-11-26 22:35:00,2025-11-26 22:55:00,buy,90284.0,90196.9,90414.65000000001,TP,1.5,11.88,804.49
2025-11-28 20:30:00,2025-11-28 21:00:00,sell,91122.9,91226.74,90967.13999999998,SL,-1.0,-8.05,796.44
2025-11-30 14:50:00,2025-11-30 15:05:00,buy,91466.0,91405.5,91556.75,SL,-1.0,-7.97,788.47
2025-12-02 01:55:00,2025-12-02 02:00:00,buy,86454.9,86391.99,86549.26499999998,SL,-1.0,-7.89,780.58
2025-12-02 07:10:00,2025-12-02 07:25:00,buy,86950.1,86902.14,87022.04000000001,SL,-1.0,-7.81,772.77
2025-12-03 18:55:00,2025-12-03 19:45:00,buy,92607.0,92363.79,92971.815,TP,1.5,11.58,784.35
2025-12-03 23:25:00,2025-12-03 23:30:00,buy,93640.7,93582.59999999999,93727.85,SL,-1.0,-7.85,776.5
2025-12-04 15:25:00,2025-12-04 15:30:00,sell,92582.7,92639.72,92497.16999999998,TP,1.5,11.64,788.14
2025-12-04 19:50:00,2025-12-04 20:00:00,sell,92031.7,92111.94,91911.34,SL,-1.0,-7.89,780.25
2025-12-05 19:25:00,2025-12-05 19:35:00,sell,89426.8,89552.42,89238.37000000001,SL,-1.0,-7.81,772.44
2025-12-07 15:10:00,2025-12-07 15:50:00,sell,88868.7,89093.70999999999,88531.185,SL,-1.0,-7.73,764.71
2025-12-08 18:00:00,2025-12-08 18:05:00,sell,90258.6,90362.37,90102.94500000002,SL,-1.0,-7.65,757.06
2025-12-08 19:50:00,2025-12-08 19:55:00,sell,90307.0,90374.23999999999,90206.14000000001,TP,1.5,11.35,768.41
2025-12-10 15:20:00,2025-12-10 15:30:00,sell,91989.6,92153.07,91744.395,TP,1.5,11.52,779.93
2025-12-10 16:00:00,2025-12-10 16:05:00,sell,92047.1,92108.43999999999,91955.09000000003,SL,-1.0,-7.81,772.12
2025-12-11 11:05:00,2025-12-11 11:30:00,sell,90358.0,90422.45,90261.32500000001,TP,1.5,11.57,783.69
2025-12-12 19:00:00,2025-12-12 19:10:00,sell,90267.4,90429.85999999999,90023.71,TP,1.5,11.75,795.44
2025-12-13 22:35:00,2025-12-13 23:35:00,sell,90161.8,90239.65,90045.02500000002,SL,-1.0,-7.96,787.48
2025-12-16 19:25:00,2025-12-16 19:45:00,buy,87432.5,87288.73,87648.155,TP,1.5,11.8,799.28
2025-12-16 20:15:00,2025-12-16 20:25:00,buy,87426.9,87331.63,87569.80499999998,TP,1.5,11.98,811.26
2025-12-18 16:00:00,2025-12-18 16:10:00,buy,88469.8,88285.57,88746.14499999999,SL,-1.0,-8.12,803.14
2025-12-19 02:35:00,2025-12-19 02:40:00,sell,85453.0,85510.73,85366.405,SL,-1.0,-8.04,795.1
2025-12-19 16:05:00,2025-12-19 16:30:00,buy,88346.8,88155.32,88634.01999999999,TP,1.5,11.92,807.02
2025-12-21 22:30:00,2025-12-21 22:50:00,sell,88365.9,88451.03,88238.20499999999,SL,-1.0,-8.08,798.94
2025-12-23 14:10:00,2025-12-23 14:15:00,sell,87763.7,87837.70999999999,87652.685,TP,1.5,11.98,810.92
2025-12-24 15:00:00,2025-12-24 15:20:00,sell,87059.8,87218.90999999999,86821.13500000002,TP,1.5,12.16,823.08
2025-12-26 17:30:00,2025-12-26 17:40:00,sell,87248.3,87434.54,86968.94000000002,SL,-1.0,-8.24,814.84
2025-12-26 23:15:00,2025-12-26 23:30:00,sell,87504.5,87548.85,87437.97499999999,TP,1.5,12.21,827.05
2025-12-30 00:15:00,2025-12-30 00:30:00,sell,87316.2,87375.7,87226.95,TP,1.5,12.4,839.45
2025-12-30 03:30:00,2025-12-30 03:45:00,sell,87269.9,87319.31999999999,87195.76999999999,SL,-1.0,-8.4,831.05
2025-12-31 21:05:00,2025-12-31 21:35:00,sell,87721.0,87788.76,87619.36000000002,SL,-1.0,-8.32,822.73
2026-01-01 02:30:00,2026-01-01 03:50:00,sell,87984.3,88057.70000000001,87874.19999999998,TP,1.5,12.33,835.06
2026-01-02 15:15:00,2026-01-02 15:20:00,buy,89141.7,89044.08,89288.12999999999,SL,-1.0,-8.36,826.7
2026-01-07 14:55:00,2026-01-07 15:00:00,sell,91964.5,92156.14,91677.04000000001,TP,1.5,12.39,839.09
2026-01-07 16:10:00,2026-01-07 16:20:00,sell,91593.0,91664.18000000001,91486.22999999998,SL,-1.0,-8.4,830.69
2026-01-08 16:35:00,2026-01-08 16:40:00,buy,90461.8,90294.98,90712.03000000001,TP,1.5,12.45,843.14
2026-01-09 03:00:00,2026-01-09 03:20:00,buy,91073.7,90975.69,91220.715,TP,1.5,12.64,855.78
2026-01-12 11:25:00,2026-01-12 12:15:00,sell,90698.2,90822.72,90511.41999999998,SL,-1.0,-8.57,847.21
2026-01-14 02:55:00,2026-01-14 03:10:00,buy,95344.6,95274.31,95450.03500000002,TP,1.5,12.7,859.91
2026-01-19 04:00:00,2026-01-19 04:20:00,sell,92666.9,92756.68,92532.23,TP,1.5,12.89,872.8
2026-01-20 20:05:00,2026-01-20 20:10:00,sell,89544.7,89596.76,89466.61,SL,-1.0,-8.74,864.06
2026-01-21 03:10:00,2026-01-21 03:15:00,sell,89215.8,89260.79000000001,89148.315,SL,-1.0,-8.65,855.41
2026-01-21 06:45:00,2026-01-21 07:00:00,buy,89579.4,89481.01999999999,89726.97,TP,1.5,12.82,868.23
2026-01-25 23:30:00,2026-01-25 23:35:00,sell,86506.7,86617.39,86340.665,TP,1.5,13.01,881.24
2026-01-26 02:55:00,2026-01-26 03:25:00,buy,87562.0,87479.47,87685.795,SL,-1.0,-8.82,872.42
2026-01-28 02:20:00,2026-01-28 02:30:00,buy,89302.1,89245.79999999999,89386.55000000003,SL,-1.0,-8.73,863.69
2026-01-28 23:20:00,2026-01-28 23:25:00,sell,89423.8,89470.15000000001,89354.275,TP,1.5,12.95,876.64
2026-01-29 20:45:00,2026-01-29 20:50:00,sell,84116.7,84259.08,83903.12999999999,SL,-1.0,-8.78,867.86
2026-01-29 23:05:00,2026-01-29 23:20:00,sell,84485.2,84556.14,84378.79,SL,-1.0,-8.69,859.17
2026-01-29 23:25:00,2026-01-29 23:30:00,sell,84574.4,84695.58,84392.62999999998,SL,-1.0,-8.6,850.57
2026-01-30 08:15:00,2026-01-30 08:25:00,sell,82881.0,82992.76999999999,82713.34500000002,TP,1.5,12.75,863.32
2026-01-30 22:15:00,2026-01-30 22:45:00,buy,83981.8,83898.1,84107.35,TP,1.5,12.94,876.26
2026-01-31 09:50:00,2026-01-31 10:05:00,sell,83138.9,83212.63,83028.30499999998,TP,1.5,13.14,889.4
2026-02-01 23:35:00,2026-02-02 00:00:00,sell,77337.5,77649.13,76870.055,TP,1.5,13.33,902.73
2026-02-02 01:40:00,2026-02-02 01:45:00,sell,77712.5,77851.0,77504.75,TP,1.5,13.53,916.26
2026-02-02 12:55:00,2026-02-02 13:00:00,buy,77994.5,77915.42,78113.12,SL,-1.0,-9.17,907.09
2026-02-02 14:25:00,2026-02-02 14:30:00,buy,78016.0,77811.73,78322.405,TP,1.5,13.6,920.69
2026-02-03 03:45:00,2026-02-03 03:55:00,sell,78544.1,78634.7,78408.20000000001,SL,-1.0,-9.22,911.47
2026-02-04 15:25:00,2026-02-04 15:30:00,sell,74911.6,75382.08,74205.88,TP,1.5,13.66,925.13
2026-02-04 20:00:00,2026-02-04 20:05:00,sell,74070.3,74182.18,73902.48000000001,TP,1.5,13.87,939.0
2026-02-06 00:45:00,2026-02-06 00:50:00,sell,62891.5,63726.96,61638.31,SL,-1.0,-9.4,929.6
2026-02-06 04:30:00,2026-02-06 04:35:00,sell,64902.6,64962.3,64813.04999999999,TP,1.5,13.93,943.53
2026-02-07 04:45:00,2026-02-07 05:00:00,buy,70682.5,70584.64000000001,70829.28999999998,TP,1.5,14.14,957.67
2026-02-07 22:00:00,2026-02-07 22:05:00,buy,69517.6,69447.49,69622.76500000001,TP,1.5,14.36,972.03
2026-02-07 22:40:00,2026-02-07 22:45:00,buy,69397.1,69348.98000000001,69469.28,SL,-1.0,-9.73,962.3
2026-02-08 02:45:00,2026-02-08 02:50:00,buy,69324.3,69245.61,69442.335,SL,-1.0,-9.63,952.67
2026-02-09 02:55:00,2026-02-09 03:00:00,sell,70629.9,70708.54,70511.94,SL,-1.0,-9.54,943.13
2026-02-09 07:15:00,2026-02-09 07:20:00,sell,70826.4,70867.79000000001,70764.31499999997,SL,-1.0,-9.44,933.69
2026-02-09 16:00:00,2026-02-09 16:40:00,sell,69487.9,69748.14,69097.53999999998,SL,-1.0,-9.35,924.34
2026-02-10 01:30:00,2026-02-10 01:35:00,sell,70439.0,70478.87,70379.195,SL,-1.0,-9.25,915.09
2026-02-10 03:10:00,2026-02-10 03:15:00,buy,69841.8,69771.74,69946.89,SL,-1.0,-9.16,905.93
2026-02-10 15:30:00,2026-02-10 15:35:00,sell,69301.0,69434.94,69100.09,SL,-1.0,-9.07,896.86
2026-02-11 13:45:00,2026-02-11 13:50:00,sell,67258.4,67388.54999999999,67063.175,TP,1.5,13.44,910.3
2026-02-11 22:25:00,2026-02-11 23:00:00,buy,67567.5,67366.67,67868.745,SL,-1.0,-9.11,901.19
2026-02-15 06:10:00,2026-02-15 06:20:00,buy,70231.5,70179.06,70310.16,TP,1.5,13.51,914.7
2026-02-15 11:35:00,2026-02-15 11:40:00,buy,70344.3,70295.78,70417.08000000002,SL,-1.0,-9.16,905.54
2026-02-16 00:10:00,2026-02-16 00:15:00,sell,68943.5,69011.45,68841.57500000001,SL,-1.0,-9.06,896.48
2026-02-16 15:05:00,2026-02-16 15:15:00,sell,68496.7,68613.14,68322.04,TP,1.5,13.44,909.92
2026-02-17 03:30:00,2026-02-17 03:35:00,buy,68659.7,68538.37,68841.695,SL,-1.0,-9.11,900.81
2026-02-18 13:10:00,2026-02-18 13:15:00,sell,67544.8,67590.25,67476.625,SL,-1.0,-9.02,891.79
2026-02-18 20:05:00,2026-02-18 20:10:00,sell,66266.1,66311.03,66198.70500000002,SL,-1.0,-8.93,882.86
2026-02-18 21:35:00,2026-02-18 21:50:00,sell,66443.1,66518.21,66330.435,TP,1.5,13.23,896.09
2026-02-18 23:35:00,2026-02-18 23:40:00,sell,66400.4,66457.42,66314.87,SL,-1.0,-8.97,887.12
2026-02-20 04:00:00,2026-02-20 04:15:00,buy,67322.0,67236.31,67450.535,SL,-1.0,-8.88,878.24
2026-02-20 14:30:00,2026-02-20 14:35:00,sell,67054.2,67253.16,66755.75999999998,SL,-1.0,-8.79,869.45
2026-02-20 20:30:00,2026-02-20 20:35:00,buy,67567.0,67508.72,67654.42,TP,1.5,13.03,882.48
2026-02-22 23:55:00,2026-02-23 00:20:00,sell,67640.0,67735.36,67496.95999999999,TP,1.5,13.23,895.71
2026-02-23 14:10:00,2026-02-23 14:15:00,buy,66243.4,66167.77,66356.84499999997,SL,-1.0,-8.97,886.74
2026-02-23 15:15:00,2026-02-23 15:50:00,sell,66012.9,66275.61,65618.83499999999,TP,1.5,13.29,900.03
2026-02-24 08:10:00,2026-02-24 08:15:00,sell,63223.5,63281.82,63136.020000000004,TP,1.5,13.49,913.52
2026-02-26 05:15:00,2026-02-26 06:05:00,buy,68266.2,68111.04000000001,68498.93999999997,TP,1.5,13.69,927.21
2026-02-26 23:35:00,2026-02-26 23:50:00,sell,67569.8,67663.22,67429.67000000001,TP,1.5,13.9,941.11
2026-02-27 15:10:00,2026-02-27 15:50:00,sell,66030.0,66262.51000000001,65681.23499999999,SL,-1.0,-9.42,931.69
2026-02-27 20:05:00,2026-02-27 20:10:00,sell,65500.0,65590.76999999999,65363.845000000016,SL,-1.0,-9.33,922.36
2026-02-28 02:20:00,2026-02-28 02:35:00,sell,65905.6,65978.09,65796.86500000002,SL,-1.0,-9.23,913.13
2026-02-28 13:20:00,2026-02-28 13:30:00,sell,64060.0,64098.33,64002.505,SL,-1.0,-9.14,903.99
2026-02-28 23:15:00,2026-02-28 23:25:00,buy,66973.1,66894.35,67091.225,SL,-1.0,-9.05,894.94
2026-03-01 16:00:00,2026-03-01 16:45:00,buy,66953.1,66659.07,67394.145,SL,-1.0,-8.96,885.98
2026-03-04 00:25:00,2026-03-04 00:30:00,buy,68303.7,68252.78,68380.07999999999,SL,-1.0,-8.87,877.11
2026-03-05 03:35:00,2026-03-05 03:55:00,buy,72420.8,72338.43,72544.35500000001,TP,1.5,13.15,890.26
2026-03-05 16:40:00,2026-03-05 17:20:00,sell,71339.7,71648.65,70876.275,TP,1.5,13.34,903.6
2026-03-05 19:15:00,2026-03-05 19:20:00,sell,71315.2,71387.85,71206.22499999998,SL,-1.0,-9.05,894.55
2026-03-07 00:40:00,2026-03-07 00:50:00,sell,68293.9,68336.49,68230.01499999998,SL,-1.0,-8.95,885.6
2026-03-07 23:05:00,2026-03-07 23:20:00,sell,67308.3,67382.0,67197.75,SL,-1.0,-8.86,876.74
2026-03-08 00:20:00,2026-03-08 00:55:00,sell,67371.9,67496.79000000001,67184.56499999997,TP,1.5,13.14,889.88
2026-03-08 14:05:00,2026-03-08 14:15:00,sell,67302.6,67409.87999999999,67141.68000000002,SL,-1.0,-8.91,880.97
2026-03-09 02:50:00,2026-03-09 03:00:00,sell,66614.1,66712.35,66466.725,SL,-1.0,-8.82,872.15
2026-03-09 05:05:00,2026-03-09 05:10:00,buy,67196.9,67124.69,67305.21499999998,SL,-1.0,-8.73,863.42
2026-03-09 10:20:00,2026-03-09 10:25:00,buy,67878.0,67816.23,67970.655,SL,-1.0,-8.64,854.78
2026-03-11 02:00:00,2026-03-11 02:20:00,sell,70050.9,70120.97,69945.79499999998,TP,1.5,12.81,867.59
2026-03-12 07:15:00,2026-03-12 07:20:00,sell,69528.1,69585.85,69441.475,SL,-1.0,-8.68,858.91
2026-03-14 09:15:00,2026-03-14 09:30:00,sell,70692.2,70734.18,70629.23000000001,TP,1.5,12.88,871.79
2026-03-15 06:10:00,2026-03-15 06:20:00,buy,71551.5,71506.88,71618.43,SL,-1.0,-8.73,863.06
2026-03-16 00:40:00,2026-03-16 00:50:00,buy,72529.9,72444.21,72658.43499999997,TP,1.5,12.94,876.0
2026-03-16 19:50:00,2026-03-16 19:55:00,buy,73903.7,73836.95000000001,74003.82499999998,TP,1.5,13.13,889.13
2026-03-17 11:45:00,2026-03-17 11:55:00,sell,74152.2,74229.85,74035.72499999998,TP,1.5,13.33,902.46
2026-03-18 08:15:00,2026-03-18 08:20:00,sell,74011.2,74053.46,73947.80999999998,SL,-1.0,-9.03,893.43
2026-03-19 09:25:00,2026-03-19 09:30:00,sell,70254.4,70356.11,70101.83499999999,SL,-1.0,-8.94,884.49
2026-03-20 13:25:00,2026-03-20 13:30:00,sell,70493.4,70628.45,70290.82499999998,TP,1.5,13.26,897.75
2026-03-21 20:10:00,2026-03-21 20:20:00,sell,70396.4,70438.49,70333.26499999998,SL,-1.0,-8.99,888.76
2026-03-22 02:15:00,2026-03-22 02:25:00,sell,69036.0,69100.33,68939.505,SL,-1.0,-8.9,879.86
2026-03-22 20:20:00,2026-03-22 20:35:00,sell,68389.7,68506.47,68214.54499999998,TP,1.5,13.19,893.05
2026-03-24 00:30:00,2026-03-24 00:35:00,buy,70658.4,70542.06,70832.90999999999,SL,-1.0,-8.94,884.11
2026-03-24 12:10:00,2026-03-24 12:30:00,buy,71072.5,70966.72,71231.17,SL,-1.0,-8.85,875.26
2026-03-25 17:40:00,2026-03-25 17:50:00,buy,70911.8,70858.81,70991.285,SL,-1.0,-8.76,866.5
2026-03-26 08:05:00,2026-03-26 08:15:00,sell,70043.0,70142.73000000001,69893.40499999998,TP,1.5,12.99,879.49
2026-03-27 05:15:00,2026-03-27 05:25:00,sell,68790.4,68871.14,68669.28999999998,TP,1.5,13.18,892.67
2026-03-27 15:05:00,2026-03-27 15:15:00,sell,66238.8,66304.37000000001,66140.44499999999,TP,1.5,13.38,906.05
2026-03-28 14:35:00,2026-03-28 14:40:00,buy,66783.9,66697.56,66913.40999999999,TP,1.5,13.58,919.63
2026-03-29 00:50:00,2026-03-29 01:00:00,sell,66422.0,66521.76999999999,66272.34500000002,SL,-1.0,-9.21,910.42
2026-03-29 23:20:00,2026-03-30 00:15:00,sell,66067.4,66329.97,65673.54499999998,SL,-1.0,-9.11,901.31
2026-03-30 16:05:00,2026-03-30 16:20:00,buy,67430.7,67336.81,67571.535,SL,-1.0,-9.02,892.29
2026-03-31 13:30:00,2026-03-31 13:35:00,sell,66887.0,67022.68999999999,66683.46500000003,SL,-1.0,-8.93,883.36
2026-04-01 10:35:00,2026-04-01 10:45:00,buy,68462.3,68394.22,68564.42000000001,TP,1.5,13.24,896.6
2026-04-01 14:50:00,2026-04-01 15:10:00,sell,68616.1,68699.06,68491.66000000002,TP,1.5,13.44,910.04
2026-04-02 00:15:00,2026-04-02 00:20:00,sell,68198.7,68260.87999999999,68105.43000000001,SL,-1.0,-9.11,900.93
2026-04-02 10:45:00,2026-04-02 10:50:00,sell,66466.3,66500.39,66415.16500000001,SL,-1.0,-9.02,891.91
2026-04-02 17:40:00,2026-04-02 17:45:00,buy,66992.8,66934.38,67080.43,SL,-1.0,-8.93,882.98
2026-04-03 06:45:00,2026-04-03 07:00:00,sell,66755.4,66807.68,66676.98,SL,-1.0,-8.84,874.14
2026-04-07 03:00:00,2026-04-07 03:20:00,sell,68696.4,68756.98999999999,68605.515,SL,-1.0,-8.75,865.39
2026-04-09 22:40:00,2026-04-09 22:45:00,buy,72325.2,72287.74,72381.38999999998,SL,-1.0,-8.66,856.73
2026-04-10 19:40:00,2026-04-10 19:50:00,buy,72953.8,72901.31,73032.535,TP,1.5,12.84,869.57
2026-04-13 15:35:00,2026-04-13 15:45:00,buy,71741.0,71648.98000000001,71879.02999999998,TP,1.5,13.03,882.6
2026-04-14 19:55:00,2026-04-14 20:00:00,sell,74233.9,74275.95,74170.82499999998,SL,-1.0,-8.83,873.77
2026-04-15 16:35:00,2026-04-15 17:25:00,sell,74026.2,74171.79000000001,73807.81499999997,SL,-1.0,-8.75,865.02
2026-04-15 17:30:00,2026-04-15 17:40:00,sell,74145.9,74206.76,74054.60999999999,TP,1.5,12.97,877.99
2026-04-16 15:45:00,2026-04-16 15:55:00,sell,74484.4,74710.73000000001,74144.90499999997,SL,-1.0,-8.79,869.2
2026-04-17 06:15:00,2026-04-17 06:30:00,sell,74734.9,74817.4,74611.15,SL,-1.0,-8.7,860.5
2026-04-18 03:15:00,2026-04-18 03:25:00,buy,77253.1,77211.02,77316.22,SL,-1.0,-8.61,851.89
2026-04-19 03:35:00,2026-04-19 03:45:00,sell,75567.2,75615.26999999999,75495.095,SL,-1.0,-8.53,843.36
2026-04-20 08:50:00,2026-04-20 09:05:00,buy,74690.7,74605.43000000001,74818.60499999998,TP,1.5,12.64,856.0
2026-04-20 20:45:00,2026-04-20 21:00:00,buy,76267.8,76228.76,76326.36000000002,SL,-1.0,-8.57,847.43
2026-04-21 09:45:00,2026-04-21 09:55:00,buy,76300.2,76246.68999999999,76380.46500000001,TP,1.5,12.7,860.13
2026-04-22 16:30:00,2026-04-22 16:40:00,buy,78983.6,78845.91,79190.13500000001,SL,-1.0,-8.61,851.52
2026-04-22 17:35:00,2026-04-22 17:45:00,buy,78837.3,78759.47,78954.04500000001,SL,-1.0,-8.52,843.0
2026-04-22 19:55:00,2026-04-22 20:00:00,buy,78849.4,78808.82,78910.26999999997,TP,1.5,12.64,855.64
2026-04-23 01:50:00,2026-04-23 02:10:00,sell,78350.7,78452.4,78198.15,TP,1.5,12.83,868.47
2026-04-23 20:15:00,2026-04-23 20:30:00,sell,77785.8,77843.63,77699.055,SL,-1.0,-8.69,859.78
2026-04-24 15:45:00,2026-04-24 17:30:00,sell,77957.4,78264.91,77496.13499999998,TP,1.5,12.89,872.67
2026-04-24 19:00:00,2026-04-24 20:25:00,sell,77649.4,77763.35999999999,77478.46,TP,1.5,13.08,885.75
2026-04-26 19:35:00,2026-04-26 19:45:00,buy,78094.2,78032.08,78187.37999999999,TP,1.5,13.28,899.03
2026-04-27 13:40:00,2026-04-27 13:45:00,sell,77841.4,77982.53,77629.70499999999,TP,1.5,13.48,912.51
2026-04-29 07:55:00,2026-04-29 08:05:00,buy,77055.7,77009.86,77124.45999999999,SL,-1.0,-9.13,903.38
2026-04-30 14:15:00,2026-04-30 15:30:00,buy,76280.3,76061.88,76607.93,TP,1.5,13.54,916.92
2026-05-05 06:05:00,2026-05-05 06:20:00,buy,80928.8,80886.34999999999,80992.47500000002,SL,-1.0,-9.18,907.74
2026-05-05 22:25:00,2026-05-05 22:30:00,buy,81444.3,81394.63,81518.805,SL,-1.0,-9.09,898.65
2026-05-08 23:15:00,2026-05-08 23:30:00,buy,80238.3,80147.43,80374.60500000001,SL,-1.0,-9.0,889.65
2026-05-09 19:15:00,2026-05-09 19:25:00,buy,80885.8,80813.02,80994.97,SL,-1.0,-8.91,880.74
2026-05-11 06:10:00,2026-05-11 06:25:00,sell,80914.3,80986.90000000001,80805.4,SL,-1.0,-8.82,871.92
2026-05-11 13:45:00,2026-05-11 13:55:00,buy,81029.5,80943.07,81159.14499999999,SL,-1.0,-8.73,863.19
2026-05-12 03:00:00,2026-05-12 03:45:00,sell,81236.3,81306.98000000001,81130.28,TP,1.5,12.94,876.13
2026-05-13 00:30:00,2026-05-13 00:35:00,sell,80639.4,80708.95,80535.07499999998,SL,-1.0,-8.77,867.36
2026-05-13 03:05:00,2026-05-13 03:35:00,buy,81029.8,80978.10999999999,81107.33500000002,TP,1.5,13.0,880.36
2026-05-14 12:35:00,2026-05-14 12:40:00,sell,79608.3,79681.01999999999,79499.22000000003,SL,-1.0,-8.81,871.55
2026-05-15 07:25:00,2026-05-15 07:40:00,sell,80909.0,81014.7,80750.45000000001,TP,1.5,13.06,884.61
2026-05-15 15:10:00,2026-05-15 15:20:00,sell,79241.2,79340.06,79092.91,SL,-1.0,-8.85,875.76
2026-05-18 03:55:00,2026-05-18 04:00:00,sell,76930.9,76971.65000000001,76869.77499999997,SL,-1.0,-8.77,866.99
2026-05-20 14:30:00,2026-05-20 14:50:00,sell,77382.3,77520.79,77174.56500000002,SL,-1.0,-8.68,858.31
2026-05-20 17:25:00,2026-05-20 17:35:00,sell,77559.8,77650.05,77424.425,SL,-1.0,-8.59,849.72
2026-05-23 02:10:00,2026-05-23 02:45:00,sell,75476.6,75552.34,75362.99000000002,SL,-1.0,-8.51,841.21
2026-05-24 20:20:00,2026-05-24 20:25:00,buy,76670.7,76622.92,76742.37,SL,-1.0,-8.42,832.79
2026-05-25 04:15:00,2026-05-25 04:25:00,buy,77065.3,76993.46,77173.06,TP,1.5,12.48,845.27
2026-05-29 11:00:00,2026-05-29 11:25:00,buy,73638.2,73589.64000000001,73711.03999999998,SL,-1.0,-8.46,836.81
2026-05-30 00:00:00,2026-05-30 00:15:00,sell,73453.3,73534.31999999999,73331.77000000002,SL,-1.0,-8.38,828.43
2026-06-01 16:35:00,2026-06-01 16:40:00,sell,71210.3,71263.14,71131.04000000001,SL,-1.0,-8.29,820.14
2026-06-02 02:35:00,2026-06-02 03:00:00,sell,70741.6,70882.90999999999,70529.63500000004,SL,-1.0,-8.21,811.93
2026-06-02 20:00:00,2026-06-02 20:05:00,sell,67303.2,67341.65,67245.525,SL,-1.0,-8.13,803.8
2026-06-04 13:50:00,2026-06-04 13:55:00,sell,63839.1,63889.85,63762.975,SL,-1.0,-8.05,795.75
2026-06-05 05:50:00,2026-06-05 05:55:00,buy,62722.7,62662.98,62812.279999999984,SL,-1.0,-7.97,787.78
2026-06-05 13:20:00,2026-06-05 13:35:00,sell,62132.1,62341.61,61817.83499999999,TP,1.5,11.81,799.59
2026-06-06 07:15:00,2026-06-06 08:25:00,sell,61007.5,61254.72,60636.67,SL,-1.0,-8.0,791.59
2026-06-06 09:20:00,2026-06-06 09:25:00,buy,61183.2,61096.6,61313.09999999999,TP,1.5,11.87,803.46
2026-06-06 15:45:00,2026-06-06 16:05:00,sell,60806.0,60950.46,60589.31,SL,-1.0,-8.04,795.42
2026-06-06 16:55:00,2026-06-06 17:00:00,sell,60780.4,60825.58,60712.630000000005,SL,-1.0,-7.96,787.46
2026-06-08 10:20:00,2026-06-08 10:25:00,buy,63194.4,63141.47,63273.795,SL,-1.0,-7.88,779.58
2026-06-13 17:55:00,2026-06-13 18:05:00,buy,63976.7,63935.39,64038.66499999999,TP,1.5,11.69,791.27
2026-06-15 17:30:00,2026-06-15 17:50:00,buy,66774.1,66668.43000000001,66932.60500000001,TP,1.5,11.86,803.13
2026-06-16 05:20:00,2026-06-16 05:30:00,sell,66091.2,66131.52,66030.71999999999,TP,1.5,12.04,815.17
2026-06-16 10:50:00,2026-06-16 10:55:00,buy,66569.4,66534.39,66621.91499999998,SL,-1.0,-8.16,807.01
2026-06-16 12:55:00,2026-06-16 13:05:00,buy,66430.1,66377.49,66509.01500000001,SL,-1.0,-8.08,798.93
2026-06-18 09:35:00,2026-06-18 09:50:00,buy,64290.7,64248.780000000006,64353.57999999999,SL,-1.0,-8.0,790.93
2026-06-19 20:20:00,2026-06-19 20:45:00,buy,63023.7,62954.159999999996,63128.009999999995,TP,1.5,11.86,802.79
2026-06-21 10:00:00,2026-06-21 10:05:00,sell,64219.1,64254.21000000001,64166.43499999998,SL,-1.0,-8.04,794.75
2026-06-22 00:30:00,2026-06-22 00:35:00,sell,63734.8,63826.96,63596.56000000001,SL,-1.0,-7.96,786.79
2026-06-22 05:25:00,2026-06-22 05:30:00,sell,64239.0,64271.85,64189.725000000006,SL,-1.0,-7.88,778.91
2026-06-22 18:45:00,2026-06-22 18:55:00,buy,64485.2,64369.35,64658.97499999999,SL,-1.0,-7.8,771.11
2026-06-26 17:20:00,2026-06-26 17:25:00,buy,60123.6,60048.85,60235.725,TP,1.5,11.56,782.67
2026-06-26 17:40:00,2026-06-26 18:25:00,buy,60061.4,59933.28,60253.58,SL,-1.0,-7.83,774.84
2026-06-26 20:20:00,2026-06-26 20:30:00,buy,59760.8,59691.3,59865.05,SL,-1.0,-7.76,767.08
2026-06-27 14:35:00,2026-06-27 15:10:00,buy,60614.7,60522.69,60752.71499999999,TP,1.5,11.5,778.58
2026-06-28 11:25:00,2026-06-28 12:05:00,sell,60314.0,60373.79,60224.315,SL,-1.0,-7.79,770.79
2026-06-28 14:30:00,2026-06-28 14:35:00,sell,60157.8,60203.079999999994,60089.88000000002,TP,1.5,11.55,782.34
2026-06-29 11:30:00,2026-06-29 11:35:00,buy,59970.1,59925.69,60036.715,SL,-1.0,-7.83,774.51
2026-07-01 13:05:00,2026-07-01 13:10:00,sell,58635.3,58693.94,58547.340000000004,SL,-1.0,-7.75,766.76
2026-07-02 15:50:00,2026-07-02 16:00:00,buy,61605.6,61529.170000000006,61720.24499999999,SL,-1.0,-7.68,759.08
2026-07-03 00:10:00,2026-07-03 00:15:00,buy,61412.8,61379.47,61462.795000000006,SL,-1.0,-7.6,751.48
2026-07-03 02:30:00,2026-07-03 03:20:00,buy,61395.8,61277.51,61573.235,TP,1.5,11.26,762.74
2026-07-03 03:45:00,2026-07-03 04:10:00,buy,61401.7,61347.37,61483.19499999999,SL,-1.0,-7.64,755.1
2026-07-04 13:45:00,2026-07-04 14:00:00,buy,62572.1,62539.84,62620.490000000005,TP,1.5,11.32,766.42
2026-07-05 01:05:00,2026-07-05 01:15:00,buy,62991.7,62916.200000000004,63104.94999999998,SL,-1.0,-7.67,758.75
2026-07-07 06:00:00,2026-07-07 06:30:00,sell,63114.6,63241.119999999995,62924.82000000001,SL,-1.0,-7.6,751.15
2026-07-08 10:35:00,2026-07-08 10:50:00,sell,62124.0,62180.81,62038.785,SL,-1.0,-7.52,743.63
2026-07-08 14:25:00,2026-07-08 14:45:00,sell,62006.0,62167.920000000006,61763.119999999995,TP,1.5,11.15,754.78
2026-07-08 21:55:00,2026-07-08 22:00:00,sell,62192.6,62260.85,62090.225,SL,-1.0,-7.56,747.22
2026-07-13 06:45:00,2026-07-13 07:20:00,sell,62816.4,62889.57,62706.645000000004,SL,-1.0,-7.48,739.74
2026-07-13 11:20:00,2026-07-13 12:00:00,sell,63013.7,63097.35,62888.22499999999,TP,1.5,11.09,750.83
2026-07-14 09:35:00,2026-07-14 10:05:00,buy,62610.4,62530.6,62730.100000000006,TP,1.5,11.25,762.08
2026-07-16 16:20:00,2026-07-16 16:30:00,buy,64464.2,64387.76,64578.859999999986,TP,1.5,11.42,773.5
2026-07-16 19:10:00,2026-07-16 20:50:00,sell,64224.3,64292.68,64121.73000000001,TP,1.5,11.59,785.09
2026-07-20 09:35:00,2026-07-20 09:45:00,sell,64230.2,64264.83,64178.25499999999,SL,-1.0,-7.86,777.23
2026-07-22 19:50:00,2026-07-22 19:55:00,sell,65879.4,65931.07,65801.89499999997,SL,-1.0,-7.78,769.45
2026-07-23 01:20:00,2026-07-23 01:30:00,buy,65927.7,65892.06,65981.16,SL,-1.0,-7.7,761.75
2026-07-26 17:00:00,2026-07-26 17:15:00,buy,64713.3,64666.26,64783.86,TP,1.5,11.42,773.17
